{"tiles": [{"x": 9, "y": 4, "visited": 2, "terrain": {"type": "terrain", "subtype": "field", "name": "None"}, "structure": {"type": "structure", "subtype": "bandit_camp", "name": "None"}, "population": {"type": "population", "subtype": "human", "name": "None", "amount": 499}}, {"x": 0, "y": 0, "visited": 0, "terrain": {"type": "terrain", "subtype": "field", "name": "None"}, "structure": {"type": "structure", "subtype": "none", "name": "None"}, "population": {"type": "population", "subtype": "human", "name": "None", "amount": 820}}, {"x": 0, "y": 1, "visited": 0, "terrain": {"type": "terrain", "subtype": "field", "name": "None"}, "structure": {"type": "structure", "subtype": "none", "name": "None"}, "population": {"type": "population", "subtype": "human", "name": "None", "amount": 379}}, {"x": 0, "y": 2, "visited": 0, "terrain": {"type": "terrain", "subtype": "field", "name": "None"}, "structure": {"type": "structure", "subtype": "none", "name": "None"}, "population": {"type": "population", "subtype": "human", "name": "None", "amount": 669}}, {"x": 0, "y": 3, "visited": 0, "terrain": {"type": "terrain", "subtype": "field", "name": "None"}, "structure": {"type": "structure", "subtype": "none", "name": "None"}, "population": {"type": "population", "subtype": "human", "name": "None", "amount": 231}}, {"x": 0, "y": 4, "visited": 0, "terrain": {"type": "terrain", "subtype": "field", "name": "None"}, "structure": {"type": "structure", "subtype": "none", "name": "None"}, "population": {"type": "population", "subtype": "human", "name": "None", "amount": 678}}, {"x": 0, "y": 5, "visited": 0, "terrain": {"type": "terrain", "subtype": "field", "name": "None"}, "structure": {"type": "structure", "subtype": "none", "name": "None"}, "population": {"type": "population", "subtype": "human", "name": "None", "amount": 584}}, {"x": 0, "y": 6, "visited": 0, "terrain": {"type": "terrain", "subtype": "field", "name": "None"}, "structure": {"type": "structure", "subtype": "none", "name": "None"}, "population": {"type": "population", "subtype": "human", "name": "None", "amount": 539}}, {"x": 0, "y": 7, "visited": 0, "terrain": {"type": "terrain", "subtype": "field", "name": "None"}, "structure": {"type": "structure", "subtype": "none", "name": "None"}, "population": {"type": "population", "subtype": "human", "name": "None", "amount": 337}}, {"x": 0, "y": 8, "visited": 0, "terrain": {"type": "terrain", "subtype": "field", "name": "None"}, "structure": {"type": "structure", "subtype": "none", "name": "None"}, "population": {"type": "population", "subtype": "human", "name": "None", "amount": 561}}, {"x": 0, "y": 9, "visited": 0, "terrain": {"type": "terrain", "subtype": "field", "name": "None"}, "structure": {"type": "structure", "subtype": "bandit_camp", "name": "None"}, "population": {"type": "population", "subtype": "human", "name": "None", "amount": 246}}, {"x": 1, "y": 0, "visited": 0, "terrain": {"type": "terrain", "subtype": "field", "name": "None"}, "structure": {"type": "structure", "subtype": "none", "name": "None"}, "population": {"type": "population", "subtype": "human", "name": "None", "amount": 806}}, {"x": 1, "y": 1, "visited": 0, "terrain": {"type": "terrain", "subtype": "field", "name": "None"}, "structure": {"type": "structure", "subtype": "none", "name": "None"}, "population": {"type": "population", "subtype": "human", "name": "None", "amount": 128}}, {"x": 1, "y": 2, "visited": 0, "terrain": {"type": "terrain", "subtype": "field", "name": "None"}, "structure": {"type": "structure", "subtype": "none", "name": "None"}, "population": {"type": "population", "subtype": "human", "name": "None", "amount": 326}}, {"x": 1, "y": 3, "visited": 0, "terrain": {"type": "terrain", "subtype": "field", "name": "None"}, "structure": {"type": "structure", "subtype": "none", "name": "None"}, "population": {"type": "population", "subtype": "human", "name": "None", "amount": 351}}, {"x": 1, "y": 4, "visited": 0, "terrain": {"type": "terrain", "subtype": "field", "name": "None"}, "structure": {"type": "structure", "subtype": "none", "name": "None"}, "population": {"type": "population", "subtype": "human", "name": "None", "amount": 574}}, {"x": 1, "y": 5, "visited": 0, "terrain": {"type": "terrain", "subtype": "field", "name": "None"}, "structure": {"type": "structure", "subtype": "none", "name": "None"}, "population": {"type": "population", "subtype": "human", "name": "None", "amount": 898}}, {"x": 1, "y": 6, "visited": 0, "terrain": {"type": "terrain", "subtype": "field", "name": "None"}, "structure": {"type": "structure", "subtype": "none", "name": "None"}, "population": {"type": "population", "subtype": "human", "name": "None", "amount": 726}}, {"x": 1, "y": 7, "visited": 0, "terrain": {"type": "terrain", "subtype": "field", "name": "None"}, "structure": {"type": "structure", "subtype": "none", "name": "None"}, "population": {"type": "population", "subtype": "human", "name": "None", "amount": 330}}, {"x": 1, "y": 8, "visited": 0, "terrain": {"type": "terrain", "subtype": "field", "name": "None"}, "structure": {"type": "structure", "subtype": "none", "name": "None"}, "population": {"type": "population", "subtype": "human", "name": "None", "amount": 484}}, {"x": 1, "y": 9, "visited": 0, "terrain": {"type": "terrain", "subtype": "field", "name": "None"}, "structure": {"type": "structure", "subtype": "none", "name": "None"}, "population": {"type": "population", "subtype": "human", "name": "None", "amount": 409}}, {"x": 2, "y": 0, "visited": 0, "terrain": {"type": "terrain", "subtype": "field", "name": "None"}, "structure": {"type": "structure", "subtype": "none", "name": "None"}, "population": {"type": "population", "subtype": "human", "name": "None", "amount": 108}}, {"x": 2, "y": 1, "visited": 0, "terrain": {"type": "terrain", "subtype": "field", "name": "None"}, "structure": {"type": "structure", "subtype": "none", "name": "None"}, "population": {"type": "population", "subtype": "human", "name": "None", "amount": 153}}, {"x": 2, "y": 2, "visited": 0, "terrain": {"type": "terrain", "subtype": "field", "name": "None"}, "structure": {"type": "structure", "subtype": "none", "name": "None"}, "population": {"type": "population", "subtype": "human", "name": "None", "amount": 222}}, {"x": 2, "y": 3, "visited": 0, "terrain": {"type": "terrain", "subtype": "field", "name": "None"}, "structure": {"type": "structure", "subtype": "village", "name": "None", "population": 4116}, "population": {"type": "population", "subtype": "human", "name": "None", "amount": 711}}, {"x": 2, "y": 4, "visited": 0, "terrain": {"type": "terrain", "subtype": "field", "name": "None"}, "structure": {"type": "structure", "subtype": "village", "name": "None", "population": 7844}, "population": {"type": "population", "subtype": "human", "name": "None", "amount": 314}}, {"x": 2, "y": 5, "visited": 0, "terrain": {"type": "terrain", "subtype": "field", "name": "None"}, "structure": {"type": "structure", "subtype": "village", "name": "None", "population": 2905}, "population": {"type": "population", "subtype": "human", "name": "None", "amount": 22}}, {"x": 2, "y": 6, "visited": 0, "terrain": {"type": "terrain", "subtype": "field", "name": "None"}, "structure": {"type": "structure", "subtype": "none", "name": "None"}, "population": {"type": "population", "subtype": "human", "name": "None", "amount": 619}}, {"x": 2, "y": 7, "visited": 0, "terrain": {"type": "terrain", "subtype": "field", "name": "None"}, "structure": {"type": "structure", "subtype": "village", "name": "None", "population": 2828}, "population": {"type": "population", "subtype": "human", "name": "None", "amount": 564}}, {"x": 2, "y": 8, "visited": 0, "terrain": {"type": "terrain", "subtype": "field", "name": "None"}, "structure": {"type": "structure", "subtype": "village", "name": "None", "population": 4722}, "population": {"type": "population", "subtype": "human", "name": "None", "amount": 650}}, {"x": 2, "y": 9, "visited": 0, "terrain": {"type": "terrain", "subtype": "field", "name": "None"}, "structure": {"type": "structure", "subtype": "village", "name": "None", "population": 3792}, "population": {"type": "population", "subtype": "human", "name": "None", "amount": 208}}, {"x": 3, "y": 0, "visited": 0, "terrain": {"type": "terrain", "subtype": "field", "name": "None"}, "structure": {"type": "structure", "subtype": "none", "name": "None"}, "population": {"type": "population", "subtype": "human", "name": "None", "amount": 176}}, {"x": 3, "y": 1, "visited": 0, "terrain": {"type": "terrain", "subtype": "field", "name": "None"}, "structure": {"type": "structure", "subtype": "none", "name": "None"}, "population": {"type": "population", "subtype": "human", "name": "None", "amount": 843}}, {"x": 3, "y": 2, "visited": 0, "terrain": {"type": "terrain", "subtype": "field", "name": "None"}, "structure": {"type": "structure", "subtype": "none", "name": "None"}, "population": {"type": "population", "subtype": "human", "name": "None", "amount": 905}}, {"x": 3, "y": 3, "visited": 0, "terrain": {"type": "terrain", "subtype": "field", "name": "None"}, "structure": {"type": "structure", "subtype": "village", "name": "None", "population": 3950}, "population": {"type": "population", "subtype": "human", "name": "None", "amount": 837}}, {"x": 3, "y": 4, "visited": 1, "terrain": {"type": "terrain", "subtype": "field", "name": "None"}, "structure": {"type": "structure", "subtype": "village", "name": "None", "population": 270}, "population": {"type": "population", "subtype": "human", "name": "None", "amount": 746}}, {"x": 3, "y": 5, "visited": 0, "terrain": {"type": "terrain", "subtype": "field", "name": "None"}, "structure": {"type": "structure", "subtype": "village", "name": "None", "population": 9603}, "population": {"type": "population", "subtype": "human", "name": "None", "amount": 460}}, {"x": 3, "y": 6, "visited": 0, "terrain": {"type": "terrain", "subtype": "field", "name": "None"}, "structure": {"type": "structure", "subtype": "village", "name": "None", "population": 2058}, "population": {"type": "population", "subtype": "human", "name": "None", "amount": 481}}, {"x": 3, "y": 7, "visited": 0, "terrain": {"type": "terrain", "subtype": "field", "name": "None"}, "structure": {"type": "structure", "subtype": "village", "name": "None", "population": 3217}, "population": {"type": "population", "subtype": "human", "name": "None", "amount": 862}}, {"x": 3, "y": 8, "visited": 0, "terrain": {"type": "terrain", "subtype": "field", "name": "None"}, "structure": {"type": "structure", "subtype": "village", "name": "None", "population": 3788}, "population": {"type": "population", "subtype": "human", "name": "None", "amount": 86}}, {"x": 3, "y": 9, "visited": 0, "terrain": {"type": "terrain", "subtype": "field", "name": "None"}, "structure": {"type": "structure", "subtype": "village", "name": "None", "population": 2290}, "population": {"type": "population", "subtype": "human", "name": "None", "amount": 556}}, {"x": 4, "y": 0, "visited": 0, "terrain": {"type": "terrain", "subtype": "field", "name": "None"}, "structure": {"type": "structure", "subtype": "village", "name": "None", "population": 3859}, "population": {"type": "population", "subtype": "human", "name": "None", "amount": 483}}, {"x": 4, "y": 1, "visited": 0, "terrain": {"type": "terrain", "subtype": "field", "name": "None"}, "structure": {"type": "structure", "subtype": "none", "name": "None"}, "population": {"type": "population", "subtype": "human", "name": "None", "amount": 285}}, {"x": 4, "y": 2, "visited": 0, "terrain": {"type": "terrain", "subtype": "field", "name": "None"}, "structure": {"type": "structure", "subtype": "none", "name": "None"}, "population": {"type": "population", "subtype": "human", "name": "None", "amount": 127}}, {"x": 4, "y": 3, "visited": 0, "terrain": {"type": "terrain", "subtype": "field", "name": "None"}, "structure": {"type": "structure", "subtype": "none", "name": "None"}, "population": {"type": "population", "subtype": "human", "name": "None", "amount": 559}}, {"x": 4, "y": 4, "visited": 3, "terrain": {"type": "terrain", "subtype": "field", "name": "None"}, "structure": {"type": "structure", "subtype": "none", "name": "None"}, "population": {"type": "population", "subtype": "human", "name": "None", "amount": 279}}, {"x": 4, "y": 5, "visited": 0, "terrain": {"type": "terrain", "subtype": "field", "name": "None"}, "structure": {"type": "structure", "subtype": "village", "name": "None", "population": 9171}, "population": {"type": "population", "subtype": "human", "name": "None", "amount": 592}}, {"x": 4, "y": 6, "visited": 0, "terrain": {"type": "terrain", "subtype": "field", "name": "None"}, "structure": {"type": "structure", "subtype": "village", "name": "None", "population": 74}, "population": {"type": "population", "subtype": "human", "name": "None", "amount": 915}}, {"x": 4, "y": 7, "visited": 0, "terrain": {"type": "terrain", "subtype": "field", "name": "None"}, "structure": {"type": "structure", "subtype": "village", "name": "None", "population": 8664}, "population": {"type": "population", "subtype": "human", "name": "None", "amount": 386}}, {"x": 4, "y": 8, "visited": 0, "terrain": {"type": "terrain", "subtype": "field", "name": "None"}, "structure": {"type": "structure", "subtype": "village", "name": "None", "population": 1927}, "population": {"type": "population", "subtype": "human", "name": "None", "amount": 512}}, {"x": 4, "y": 9, "visited": 0, "terrain": {"type": "terrain", "subtype": "field", "name": "None"}, "structure": {"type": "structure", "subtype": "village", "name": "None", "population": 3779}, "population": {"type": "population", "subtype": "human", "name": "None", "amount": 813}}, {"x": 5, "y": 0, "visited": 0, "terrain": {"type": "terrain", "subtype": "field", "name": "None"}, "structure": {"type": "structure", "subtype": "village", "name": "None", "population": 9220}, "population": {"type": "population", "subtype": "human", "name": "None", "amount": 673}}, {"x": 5, "y": 1, "visited": 0, "terrain": {"type": "terrain", "subtype": "field", "name": "None"}, "structure": {"type": "structure", "subtype": "none", "name": "None"}, "population": {"type": "population", "subtype": "human", "name": "None", "amount": 736}}, {"x": 5, "y": 2, "visited": 0, "terrain": {"type": "terrain", "subtype": "field", "name": "None"}, "structure": {"type": "structure", "subtype": "none", "name": "None"}, "population": {"type": "population", "subtype": "human", "name": "None", "amount": 547}}, {"x": 5, "y": 3, "visited": 0, "terrain": {"type": "terrain", "subtype": "field", "name": "None"}, "structure": {"type": "structure", "subtype": "none", "name": "None"}, "population": {"type": "population", "subtype": "human", "name": "None", "amount": 245}}, {"x": 5, "y": 4, "visited": 4, "terrain": {"type": "terrain", "subtype": "field", "name": "None"}, "structure": {"type": "structure", "subtype": "none", "name": "None"}, "population": {"type": "population", "subtype": "human", "name": "None", "amount": 711}}, {"x": 5, "y": 5, "visited": 0, "terrain": {"type": "terrain", "subtype": "field", "name": "None"}, "structure": {"type": "structure", "subtype": "none", "name": "None"}, "population": {"type": "population", "subtype": "human", "name": "None", "amount": 584}}, {"x": 5, "y": 6, "visited": 0, "terrain": {"type": "terrain", "subtype": "field", "name": "None"}, "structure": {"type": "structure", "subtype": "village", "name": "None", "population": 8163}, "population": {"type": "population", "subtype": "human", "name": "None", "amount": 320}}, {"x": 5, "y": 7, "visited": 0, "terrain": {"type": "terrain", "subtype": "field", "name": "None"}, "structure": {"type": "structure", "subtype": "village", "name": "None", "population": 8243}, "population": {"type": "population", "subtype": "human", "name": "None", "amount": 199}}, {"x": 5, "y": 8, "visited": 0, "terrain": {"type": "terrain", "subtype": "field", "name": "None"}, "structure": {"type": "structure", "subtype": "village", "name": "None", "population": 7713}, "population": {"type": "population", "subtype": "human", "name": "None", "amount": 757}}, {"x": 5, "y": 9, "visited": 0, "terrain": {"type": "terrain", "subtype": "field", "name": "None"}, "structure": {"type": "structure", "subtype": "village", "name": "None", "population": 9120}, "population": {"type": "population", "subtype": "human", "name": "None", "amount": 996}}, {"x": 6, "y": 0, "visited": 0, "terrain": {"type": "terrain", "subtype": "field", "name": "None"}, "structure": {"type": "structure", "subtype": "village", "name": "None", "population": 8573}, "population": {"type": "population", "subtype": "human", "name": "None", "amount": 331}}, {"x": 6, "y": 1, "visited": 0, "terrain": {"type": "terrain", "subtype": "field", "name": "None"}, "structure": {"type": "structure", "subtype": "none", "name": "None"}, "population": {"type": "population", "subtype": "human", "name": "None", "amount": 406}}, {"x": 6, "y": 2, "visited": 0, "terrain": {"type": "terrain", "subtype": "field", "name": "None"}, "structure": {"type": "structure", "subtype": "bandit_camp", "name": "None"}, "population": {"type": "population", "subtype": "human", "name": "None", "amount": 215}}, {"x": 6, "y": 3, "visited": 0, "terrain": {"type": "terrain", "subtype": "field", "name": "None"}, "structure": {"type": "structure", "subtype": "bandit_camp", "name": "None"}, "population": {"type": "population", "subtype": "human", "name": "None", "amount": 115}}, {"x": 6, "y": 4, "visited": 4, "terrain": {"type": "terrain", "subtype": "field", "name": "None"}, "structure": {"type": "structure", "subtype": "bandit_camp", "name": "None"}, "population": {"type": "population", "subtype": "human", "name": "None", "amount": 337}}, {"x": 6, "y": 5, "visited": 0, "terrain": {"type": "terrain", "subtype": "field", "name": "None"}, "structure": {"type": "structure", "subtype": "none", "name": "None"}, "population": {"type": "population", "subtype": "human", "name": "None", "amount": 758}}, {"x": 6, "y": 6, "visited": 0, "terrain": {"type": "terrain", "subtype": "field", "name": "None"}, "structure": {"type": "structure", "subtype": "village", "name": "None", "population": 8975}, "population": {"type": "population", "subtype": "human", "name": "None", "amount": 572}}, {"x": 6, "y": 7, "visited": 0, "terrain": {"type": "terrain", "subtype": "field", "name": "None"}, "structure": {"type": "structure", "subtype": "village", "name": "None", "population": 5955}, "population": {"type": "population", "subtype": "human", "name": "None", "amount": 585}}, {"x": 6, "y": 8, "visited": 0, "terrain": {"type": "terrain", "subtype": "field", "name": "None"}, "structure": {"type": "structure", "subtype": "village", "name": "None", "population": 1670}, "population": {"type": "population", "subtype": "human", "name": "None", "amount": 790}}, {"x": 6, "y": 9, "visited": 0, "terrain": {"type": "terrain", "subtype": "field", "name": "None"}, "structure": {"type": "structure", "subtype": "none", "name": "None"}, "population": {"type": "population", "subtype": "none", "name": "None", "amount": 0}}, {"x": 7, "y": 0, "visited": 0, "terrain": {"type": "terrain", "subtype": "field", "name": "None"}, "structure": {"type": "structure", "subtype": "village", "name": "None", "population": 1630}, "population": {"type": "population", "subtype": "human", "name": "None", "amount": 389}}, {"x": 7, "y": 1, "visited": 0, "terrain": {"type": "terrain", "subtype": "field", "name": "None"}, "structure": {"type": "structure", "subtype": "none", "name": "None"}, "population": {"type": "population", "subtype": "human", "name": "None", "amount": 453}}, {"x": 7, "y": 2, "visited": 0, "terrain": {"type": "terrain", "subtype": "field", "name": "None"}, "structure": {"type": "structure", "subtype": "bandit_camp", "name": "None"}, "population": {"type": "population", "subtype": "human", "name": "None", "amount": 750}}, {"x": 7, "y": 3, "visited": 0, "terrain": {"type": "terrain", "subtype": "field", "name": "None"}, "structure": {"type": "structure", "subtype": "bandit_camp", "name": "None"}, "population": {"type": "population", "subtype": "human", "name": "None", "amount": 909}}, {"x": 7, "y": 4, "visited": 3, "terrain": {"type": "terrain", "subtype": "field", "name": "None"}, "structure": {"type": "structure", "subtype": "bandit_camp", "name": "None"}, "population": {"type": "population", "subtype": "human", "name": "None", "amount": 875}}, {"x": 7, "y": 5, "visited": 0, "terrain": {"type": "terrain", "subtype": "field", "name": "None"}, "structure": {"type": "structure", "subtype": "none", "name": "None"}, "population": {"type": "population", "subtype": "human", "name": "None", "amount": 111}}, {"x": 7, "y": 6, "visited": 0, "terrain": {"type": "terrain", "subtype": "field", "name": "None"}, "structure": {"type": "structure", "subtype": "none", "name": "None"}, "population": {"type": "population", "subtype": "human", "name": "None", "amount": 589}}, {"x": 7, "y": 7, "visited": 0, "terrain": {"type": "terrain", "subtype": "field", "name": "None"}, "structure": {"type": "structure", "subtype": "none", "name": "None"}, "population": {"type": "population", "subtype": "human", "name": "None", "amount": 611}}, {"x": 7, "y": 8, "visited": 0, "terrain": {"type": "terrain", "subtype": "field", "name": "None"}, "structure": {"type": "structure", "subtype": "none", "name": "None"}, "population": {"type": "population", "subtype": "none", "name": "None", "amount": 0}}, {"x": 7, "y": 9, "visited": 0, "terrain": {"type": "terrain", "subtype": "field", "name": "None"}, "structure": {"type": "structure", "subtype": "none", "name": "None"}, "population": {"type": "population", "subtype": "none", "name": "None", "amount": 0}}, {"x": 8, "y": 0, "visited": 0, "terrain": {"type": "terrain", "subtype": "field", "name": "None"}, "structure": {"type": "structure", "subtype": "none", "name": "None"}, "population": {"type": "population", "subtype": "human", "name": "None", "amount": 435}}, {"x": 8, "y": 1, "visited": 0, "terrain": {"type": "terrain", "subtype": "field", "name": "None"}, "structure": {"type": "structure", "subtype": "bandit_camp", "name": "None"}, "population": {"type": "population", "subtype": "human", "name": "None", "amount": 734}}, {"x": 8, "y": 2, "visited": 0, "terrain": {"type": "terrain", "subtype": "field", "name": "None"}, "structure": {"type": "structure", "subtype": "bandit_camp", "name": "None"}, "population": {"type": "population", "subtype": "human", "name": "None", "amount": 554}}, {"x": 8, "y": 3, "visited": 0, "terrain": {"type": "terrain", "subtype": "field", "name": "None"}, "structure": {"type": "structure", "subtype": "bandit_camp", "name": "None"}, "population": {"type": "population", "subtype": "human", "name": "None", "amount": 780}}, {"x": 8, "y": 4, "visited": 2, "terrain": {"type": "terrain", "subtype": "field", "name": "None"}, "structure": {"type": "structure", "subtype": "bandit_camp", "name": "None"}, "population": {"type": "population", "subtype": "human", "name": "None", "amount": 737}}, {"x": 8, "y": 5, "visited": 0, "terrain": {"type": "terrain", "subtype": "field", "name": "None"}, "structure": {"type": "structure", "subtype": "bandit_camp", "name": "None"}, "population": {"type": "population", "subtype": "human", "name": "None", "amount": 145}}, {"x": 8, "y": 6, "visited": 0, "terrain": {"type": "terrain", "subtype": "field", "name": "None"}, "structure": {"type": "structure", "subtype": "none", "name": "None"}, "population": {"type": "population", "subtype": "none", "name": "None", "amount": 0}}, {"x": 8, "y": 7, "visited": 0, "terrain": {"type": "terrain", "subtype": "field", "name": "None"}, "structure": {"type": "structure", "subtype": "none", "name": "None"}, "population": {"type": "population", "subtype": "human", "name": "None", "amount": 685}}, {"x": 8, "y": 8, "visited": 0, "terrain": {"type": "terrain", "subtype": "field", "name": "None"}, "structure": {"type": "structure", "subtype": "none", "name": "None"}, "population": {"type": "population", "subtype": "none", "name": "None", "amount": 0}}, {"x": 8, "y": 9, "visited": 0, "terrain": {"type": "terrain", "subtype": "field", "name": "None"}, "structure": {"type": "structure", "subtype": "bandit_camp", "name": "None"}, "population": {"type": "population", "subtype": "human", "name": "None", "amount": 395}}, {"x": 9, "y": 0, "visited": 0, "terrain": {"type": "terrain", "subtype": "field", "name": "None"}, "structure": {"type": "structure", "subtype": "bandit_camp", "name": "None"}, "population": {"type": "population", "subtype": "human", "name": "None", "amount": 639}}, {"x": 9, "y": 1, "visited": 0, "terrain": {"type": "terrain", "subtype": "field", "name": "None"}, "structure": {"type": "structure", "subtype": "bandit_camp", "name": "None"}, "population": {"type": "population", "subtype": "human", "name": "None", "amount": 246}}, {"x": 9, "y": 2, "visited": 0, "terrain": {"type": "terrain", "subtype": "field", "name": "None"}, "structure": {"type": "structure", "subtype": "bandit_camp", "name": "None"}, "population": {"type": "population", "subtype": "human", "name": "None", "amount": 65}}, {"x": 9, "y": 3, "visited": 0, "terrain": {"type": "terrain", "subtype": "field", "name": "None"}, "structure": {"type": "structure", "subtype": "bandit_camp", "name": "None"}, "population": {"type": "population", "subtype": "human", "name": "None", "amount": 228}}, {"x": 9, "y": 5, "visited": 0, "terrain": {"type": "terrain", "subtype": "field", "name": "None"}, "structure": {"type": "structure", "subtype": "bandit_camp", "name": "None"}, "population": {"type": "population", "subtype": "human", "name": "None", "amount": 58}}, {"x": 9, "y": 6, "visited": 0, "terrain": {"type": "terrain", "subtype": "field", "name": "None"}, "structure": {"type": "structure", "subtype": "bandit_camp", "name": "None"}, "population": {"type": "population", "subtype": "human", "name": "None", "amount": 68}}, {"x": 9, "y": 7, "visited": 0, "terrain": {"type": "terrain", "subtype": "field", "name": "None"}, "structure": {"type": "structure", "subtype": "bandit_camp", "name": "None"}, "population": {"type": "population", "subtype": "human", "name": "None", "amount": 739}}, {"x": 9, "y": 8, "visited": 0, "terrain": {"type": "terrain", "subtype": "field", "name": "None"}, "structure": {"type": "structure", "subtype": "none", "name": "None"}, "population": {"type": "population", "subtype": "none", "name": "None", "amount": 0}}, {"x": 9, "y": 9, "visited": 0, "terrain": {"type": "terrain", "subtype": "field", "name": "None"}, "structure": {"type": "structure", "subtype": "none", "name": "None"}, "population": {"type": "population", "subtype": "none", "name": "None", "amount": 0}}]}
