{"tiles": [{"x": 5, "y": 0, "visited": 2, "terrain": {"type": "terrain", "subtype": "field", "name": "None"}, "structure": {"type": "structure", "subtype": "bandit_camp", "name": "None"}, "population": {"type": "population", "subtype": "human", "name": "None", "amount": 700}}, {"x": 0, "y": 0, "visited": 1, "terrain": {"type": "terrain", "subtype": "field", "name": "None"}, "structure": {"type": "structure", "subtype": "village", "name": "None", "population": 8859}, "population": {"type": "population", "subtype": "human", "name": "None", "amount": 262}}, {"x": 0, "y": 1, "visited": 0, "terrain": {"type": "terrain", "subtype": "field", "name": "None"}, "structure": {"type": "structure", "subtype": "village", "name": "None", "population": 2074}, "population": {"type": "population", "subtype": "human", "name": "None", "amount": 269}}, {"x": 0, "y": 2, "visited": 0, "terrain": {"type": "terrain", "subtype": "field", "name": "None"}, "structure": {"type": "structure", "subtype": "village", "name": "None", "population": 922}, "population": {"type": "population", "subtype": "human", "name": "None", "amount": 175}}, {"x": 0, "y": 3, "visited": 0, "terrain": {"type": "terrain", "subtype": "field", "name": "None"}, "structure": {"type": "structure", "subtype": "village", "name": "None", "population": 6602}, "population": {"type": "population", "subtype": "human", "name": "None", "amount": 849}}, {"x": 0, "y": 4, "visited": 0, "terrain": {"type": "terrain", "subtype": "field", "name": "None"}, "structure": {"type": "structure", "subtype": "village", "name": "None", "population": 5040}, "population": {"type": "population", "subtype": "human", "name": "None", "amount": 152}}, {"x": 0, "y": 5, "visited": 0, "terrain": {"type": "terrain", "subtype": "field", "name": "None"}, "structure": {"type": "structure", "subtype": "village", "name": "None", "population": 1793}, "population": {"type": "population", "subtype": "human", "name": "None", "amount": 357}}, {"x": 0, "y": 6, "visited": 0, "terrain": {"type": "terrain", "subtype": "field", "name": "None"}, "structure": {"type": "structure", "subtype": "village", "name": "None", "population": 8950}, "population": {"type": "population", "subtype": "human", "name": "None", "amount": 334}}, {"x": 0, "y": 7, "visited": 0, "terrain": {"type": "terrain", "subtype": "field", "name": "None"}, "structure": {"type": "structure", "subtype": "village", "name": "None", "population": 2949}, "population": {"type": "population", "subtype": "human", "name": "None", "amount": 679}}, {"x": 0, "y": 8, "visited": 0, "terrain": {"type": "terrain", "subtype": "field", "name": "None"}, "structure": {"type": "structure", "subtype": "village", "name": "None", "population": 1467}, "population": {"type": "population", "subtype": "human", "name": "None", "amount": 191}}, {"x": 0, "y": 9, "visited": 3, "terrain": {"type": "terrain", "subtype": "field", "name": "None"}, "structure": {"type": "structure", "subtype": "none", "name": "None"}, "population": {"type": "population", "subtype": "none", "name": "None", "amount": 0}}, {"x": 1, "y": 0, "visited": 1, "terrain": {"type": "terrain", "subtype": "field", "name": "None"}, "structure": {"type": "structure", "subtype": "none", "name": "None"}, "population": {"type": "population", "subtype": "none", "name": "None", "amount": 0}}, {"x": 1, "y": 1, "visited": 0, "terrain": {"type": "terrain", "subtype": "field", "name": "None"}, "structure": {"type": "structure", "subtype": "none", "name": "None"}, "population": {"type": "population", "subtype": "none", "name": "None", "amount": 0}}, {"x": 1, "y": 2, "visited": 0, "terrain": {"type": "terrain", "subtype": "field", "name": "None"}, "structure": {"type": "structure", "subtype": "none", "name": "None"}, "population": {"type": "population", "subtype": "none", "name": "None", "amount": 0}}, {"x": 1, "y": 3, "visited": 0, "terrain": {"type": "terrain", "subtype": "field", "name": "None"}, "structure": {"type": "structure", "subtype": "village", "name": "None", "population": 8326}, "population": {"type": "population", "subtype": "human", "name": "None", "amount": 489}}, {"x": 1, "y": 4, "visited": 0, "terrain": {"type": "terrain", "subtype": "field", "name": "None"}, "structure": {"type": "structure", "subtype": "village", "name": "None", "population": 4824}, "population": {"type": "population", "subtype": "human", "name": "None", "amount": 216}}, {"x": 1, "y": 5, "visited": 0, "terrain": {"type": "terrain", "subtype": "field", "name": "None"}, "structure": {"type": "structure", "subtype": "village", "name": "None", "population": 5770}, "population": {"type": "population", "subtype": "human", "name": "None", "amount": 253}}, {"x": 1, "y": 6, "visited": 0, "terrain": {"type": "terrain", "subtype": "field", "name": "None"}, "structure": {"type": "structure", "subtype": "village", "name": "None", "population": 6875}, "population": {"type": "population", "subtype": "human", "name": "None", "amount": 66}}, {"x": 1, "y": 7, "visited": 0, "terrain": {"type": "terrain", "subtype": "field", "name": "None"}, "structure": {"type": "structure", "subtype": "village", "name": "None", "population": 6216}, "population": {"type": "population", "subtype": "human", "name": "None", "amount": 382}}, {"x": 1, "y": 8, "visited": 0, "terrain": {"type": "terrain", "subtype": "field", "name": "None"}, "structure": {"type": "structure", "subtype": "village", "name": "None", "population": 4235}, "population": {"type": "population", "subtype": "human", "name": "None", "amount": 291}}, {"x": 1, "y": 9, "visited": 2, "terrain": {"type": "terrain", "subtype": "field", "name": "None"}, "structure": {"type": "structure", "subtype": "village", "name": "None", "population": 7642}, "population": {"type": "population", "subtype": "human", "name": "None", "amount": 985}}, {"x": 2, "y": 0, "visited": 1, "terrain": {"type": "terrain", "subtype": "field", "name": "None"}, "structure": {"type": "structure", "subtype": "none", "name": "None"}, "population": {"type": "population", "subtype": "none", "name": "None", "amount": 0}}, {"x": 2, "y": 1, "visited": 0, "terrain": {"type": "terrain", "subtype": "field", "name": "None"}, "structure": {"type": "structure", "subtype": "none", "name": "None"}, "population": {"type": "population", "subtype": "none", "name": "None", "amount": 0}}, {"x": 2, "y": 2, "visited": 0, "terrain": {"type": "terrain", "subtype": "field", "name": "None"}, "structure": {"type": "structure", "subtype": "none", "name": "None"}, "population": {"type": "population", "subtype": "none", "name": "None", "amount": 0}}, {"x": 2, "y": 3, "visited": 0, "terrain": {"type": "terrain", "subtype": "field", "name": "None"}, "structure": {"type": "structure", "subtype": "village", "name": "None", "population": 8998}, "population": {"type": "population", "subtype": "human", "name": "None", "amount": 61}}, {"x": 2, "y": 4, "visited": 0, "terrain": {"type": "terrain", "subtype": "field", "name": "None"}, "structure": {"type": "structure", "subtype": "village", "name": "None", "population": 1393}, "population": {"type": "population", "subtype": "human", "name": "None", "amount": 200}}, {"x": 2, "y": 5, "visited": 0, "terrain": {"type": "terrain", "subtype": "field", "name": "None"}, "structure": {"type": "structure", "subtype": "village", "name": "None", "population": 4311}, "population": {"type": "population", "subtype": "human", "name": "None", "amount": 964}}, {"x": 2, "y": 6, "visited": 0, "terrain": {"type": "terrain", "subtype": "field", "name": "None"}, "structure": {"type": "structure", "subtype": "village", "name": "None", "population": 3042}, "population": {"type": "population", "subtype": "human", "name": "None", "amount": 471}}, {"x": 2, "y": 7, "visited": 0, "terrain": {"type": "terrain", "subtype": "field", "name": "None"}, "structure": {"type": "structure", "subtype": "village", "name": "None", "population": 7604}, "population": {"type": "population", "subtype": "human", "name": "None", "amount": 784}}, {"x": 2, "y": 8, "visited": 0, "terrain": {"type": "terrain", "subtype": "field", "name": "None"}, "structure": {"type": "structure", "subtype": "village", "name": "None", "population": 1526}, "population": {"type": "population", "subtype": "human", "name": "None", "amount": 567}}, {"x": 2, "y": 9, "visited": 1, "terrain": {"type": "terrain", "subtype": "field", "name": "None"}, "structure": {"type": "structure", "subtype": "village", "name": "None", "population": 5820}, "population": {"type": "population", "subtype": "human", "name": "None", "amount": 813}}, {"x": 3, "y": 0, "visited": 1, "terrain": {"type": "terrain", "subtype": "field", "name": "None"}, "structure": {"type": "structure", "subtype": "none", "name": "None"}, "population": {"type": "population", "subtype": "none", "name": "None", "amount": 0}}, {"x": 3, "y": 1, "visited": 0, "terrain": {"type": "terrain", "subtype": "field", "name": "None"}, "structure": {"type": "structure", "subtype": "none", "name": "None"}, "population": {"type": "population", "subtype": "none", "name": "None", "amount": 0}}, {"x": 3, "y": 2, "visited": 0, "terrain": {"type": "terrain", "subtype": "field", "name": "None"}, "structure": {"type": "structure", "subtype": "none", "name": "None"}, "population": {"type": "population", "subtype": "none", "name": "None", "amount": 0}}, {"x": 3, "y": 3, "visited": 0, "terrain": {"type": "terrain", "subtype": "field", "name": "None"}, "structure": {"type": "structure", "subtype": "village", "name": "None", "population": 2750}, "population": {"type": "population", "subtype": "human", "name": "None", "amount": 993}}, {"x": 3, "y": 4, "visited": 0, "terrain": {"type": "terrain", "subtype": "field", "name": "None"}, "structure": {"type": "structure", "subtype": "village", "name": "None", "population": 8629}, "population": {"type": "population", "subtype": "human", "name": "None", "amount": 732}}, {"x": 3, "y": 5, "visited": 0, "terrain": {"type": "terrain", "subtype": "field", "name": "None"}, "structure": {"type": "structure", "subtype": "village", "name": "None", "population": 3768}, "population": {"type": "population", "subtype": "human", "name": "None", "amount": 978}}, {"x": 3, "y": 6, "visited": 0, "terrain": {"type": "terrain", "subtype": "field", "name": "None"}, "structure": {"type": "structure", "subtype": "village", "name": "None", "population": 8377}, "population": {"type": "population", "subtype": "human", "name": "None", "amount": 864}}, {"x": 3, "y": 7, "visited": 0, "terrain": {"type": "terrain", "subtype": "field", "name": "None"}, "structure": {"type": "structure", "subtype": "village", "name": "None", "population": 8720}, "population": {"type": "population", "subtype": "human", "name": "None", "amount": 255}}, {"x": 3, "y": 8, "visited": 0, "terrain": {"type": "terrain", "subtype": "field", "name": "None"}, "structure": {"type": "structure", "subtype": "village", "name": "None", "population": 3944}, "population": {"type": "population", "subtype": "human", "name": "None", "amount": 668}}, {"x": 3, "y": 9, "visited": 0, "terrain": {"type": "terrain", "subtype": "field", "name": "None"}, "structure": {"type": "structure", "subtype": "village", "name": "None", "population": 7214}, "population": {"type": "population", "subtype": "human", "name": "None", "amount": 169}}, {"x": 4, "y": 0, "visited": 1, "terrain": {"type": "terrain", "subtype": "field", "name": "None"}, "structure": {"type": "structure", "subtype": "none", "name": "None"}, "population": {"type": "population", "subtype": "none", "name": "None", "amount": 0}}, {"x": 4, "y": 1, "visited": 0, "terrain": {"type": "terrain", "subtype": "field", "name": "None"}, "structure": {"type": "structure", "subtype": "none", "name": "None"}, "population": {"type": "population", "subtype": "none", "name": "None", "amount": 0}}, {"x": 4, "y": 2, "visited": 0, "terrain": {"type": "terrain", "subtype": "field", "name": "None"}, "structure": {"type": "structure", "subtype": "none", "name": "None"}, "population": {"type": "population", "subtype": "none", "name": "None", "amount": 0}}, {"x": 4, "y": 3, "visited": 0, "terrain": {"type": "terrain", "subtype": "field", "name": "None"}, "structure": {"type": "structure", "subtype": "village", "name": "None", "population": 9214}, "population": {"type": "population", "subtype": "human", "name": "None", "amount": 67}}, {"x": 4, "y": 4, "visited": 0, "terrain": {"type": "terrain", "subtype": "field", "name": "None"}, "structure": {"type": "structure", "subtype": "village", "name": "None", "population": 1658}, "population": {"type": "population", "subtype": "human", "name": "None", "amount": 584}}, {"x": 4, "y": 5, "visited": 0, "terrain": {"type": "terrain", "subtype": "field", "name": "None"}, "structure": {"type": "structure", "subtype": "village", "name": "None", "population": 3168}, "population": {"type": "population", "subtype": "human", "name": "None", "amount": 613}}, {"x": 4, "y": 6, "visited": 0, "terrain": {"type": "terrain", "subtype": "field", "name": "None"}, "structure": {"type": "structure", "subtype": "village", "name": "None", "population": 4080}, "population": {"type": "population", "subtype": "human", "name": "None", "amount": 798}}, {"x": 4, "y": 7, "visited": 0, "terrain": {"type": "terrain", "subtype": "field", "name": "None"}, "structure": {"type": "structure", "subtype": "village", "name": "None", "population": 3150}, "population": {"type": "population", "subtype": "human", "name": "None", "amount": 209}}, {"x": 4, "y": 8, "visited": 0, "terrain": {"type": "terrain", "subtype": "field", "name": "None"}, "structure": {"type": "structure", "subtype": "village", "name": "None", "population": 2499}, "population": {"type": "population", "subtype": "human", "name": "None", "amount": 49}}, {"x": 4, "y": 9, "visited": 0, "terrain": {"type": "terrain", "subtype": "field", "name": "None"}, "structure": {"type": "structure", "subtype": "village", "name": "None", "population": 6401}, "population": {"type": "population", "subtype": "human", "name": "None", "amount": 55}}, {"x": 5, "y": 1, "visited": 0, "terrain": {"type": "terrain", "subtype": "field", "name": "None"}, "structure": {"type": "structure", "subtype": "bandit_camp", "name": "None"}, "population": {"type": "population", "subtype": "human", "name": "None", "amount": 19}}, {"x": 5, "y": 2, "visited": 0, "terrain": {"type": "terrain", "subtype": "field", "name": "None"}, "structure": {"type": "structure", "subtype": "none", "name": "None"}, "population": {"type": "population", "subtype": "none", "name": "None", "amount": 0}}, {"x": 5, "y": 3, "visited": 0, "terrain": {"type": "terrain", "subtype": "field", "name": "None"}, "structure": {"type": "structure", "subtype": "village", "name": "None", "population": 7557}, "population": {"type": "population", "subtype": "human", "name": "None", "amount": 761}}, {"x": 5, "y": 4, "visited": 0, "terrain": {"type": "terrain", "subtype": "field", "name": "None"}, "structure": {"type": "structure", "subtype": "village", "name": "None", "population": 5728}, "population": {"type": "population", "subtype": "human", "name": "None", "amount": 777}}, {"x": 5, "y": 5, "visited": 0, "terrain": {"type": "terrain", "subtype": "field", "name": "None"}, "structure": {"type": "structure", "subtype": "village", "name": "None", "population": 4515}, "population": {"type": "population", "subtype": "human", "name": "None", "amount": 692}}, {"x": 5, "y": 6, "visited": 0, "terrain": {"type": "terrain", "subtype": "field", "name": "None"}, "structure": {"type": "structure", "subtype": "village", "name": "None", "population": 5995}, "population": {"type": "population", "subtype": "human", "name": "None", "amount": 663}}, {"x": 5, "y": 7, "visited": 0, "terrain": {"type": "terrain", "subtype": "field", "name": "None"}, "structure": {"type": "structure", "subtype": "village", "name": "None", "population": 9841}, "population": {"type": "population", "subtype": "human", "name": "None", "amount": 183}}, {"x": 5, "y": 8, "visited": 0, "terrain": {"type": "terrain", "subtype": "field", "name": "None"}, "structure": {"type": "structure", "subtype": "village", "name": "None", "population": 2135}, "population": {"type": "population", "subtype": "human", "name": "None", "amount": 337}}, {"x": 5, "y": 9, "visited": 0, "terrain": {"type": "terrain", "subtype": "field", "name": "None"}, "structure": {"type": "structure", "subtype": "village", "name": "None", "population": 2870}, "population": {"type": "population", "subtype": "human", "name": "None", "amount": 293}}, {"x": 6, "y": 0, "visited": 2, "terrain": {"type": "terrain", "subtype": "field", "name": "None"}, "structure": {"type": "structure", "subtype": "bandit_camp", "name": "None"}, "population": {"type": "population", "subtype": "human", "name": "None", "amount": 326}}, {"x": 6, "y": 1, "visited": 0, "terrain": {"type": "terrain", "subtype": "field", "name": "None"}, "structure": {"type": "structure", "subtype": "bandit_camp", "name": "None"}, "population": {"type": "population", "subtype": "human", "name": "None", "amount": 758}}, {"x": 6, "y": 2, "visited": 0, "terrain": {"type": "terrain", "subtype": "field", "name": "None"}, "structure": {"type": "structure", "subtype": "none", "name": "None"}, "population": {"type": "population", "subtype": "none", "name": "None", "amount": 0}}, {"x": 6, "y": 3, "visited": 0, "terrain": {"type": "terrain", "subtype": "field", "name": "None"}, "structure": {"type": "structure", "subtype": "village", "name": "None", "population": 1193}, "population": {"type": "population", "subtype": "human", "name": "None", "amount": 147}}, {"x": 6, "y": 4, "visited": 0, "terrain": {"type": "terrain", "subtype": "field", "name": "None"}, "structure": {"type": "structure", "subtype": "village", "name": "None", "population": 5807}, "population": {"type": "population", "subtype": "human", "name": "None", "amount": 548}}, {"x": 6, "y": 5, "visited": 0, "terrain": {"type": "terrain", "subtype": "field", "name": "None"}, "structure": {"type": "structure", "subtype": "village", "name": "None", "population": 1054}, "population": {"type": "population", "subtype": "human", "name": "None", "amount": 428}}, {"x": 6, "y": 6, "visited": 0, "terrain": {"type": "terrain", "subtype": "field", "name": "None"}, "structure": {"type": "structure", "subtype": "village", "name": "None", "population": 3096}, "population": {"type": "population", "subtype": "human", "name": "None", "amount": 297}}, {"x": 6, "y": 7, "visited": 0, "terrain": {"type": "terrain", "subtype": "field", "name": "None"}, "structure": {"type": "structure", "subtype": "village", "name": "None", "population": 3619}, "population": {"type": "population", "subtype": "human", "name": "None", "amount": 308}}, {"x": 6, "y": 8, "visited": 0, "terrain": {"type": "terrain", "subtype": "field", "name": "None"}, "structure": {"type": "structure", "subtype": "village", "name": "None", "population": 6759}, "population": {"type": "population", "subtype": "human", "name": "None", "amount": 710}}, {"x": 6, "y": 9, "visited": 0, "terrain": {"type": "terrain", "subtype": "field", "name": "None"}, "structure": {"type": "structure", "subtype": "village", "name": "None", "population": 4475}, "population": {"type": "population", "subtype": "human", "name": "None", "amount": 487}}, {"x": 7, "y": 0, "visited": 1, "terrain": {"type": "terrain", "subtype": "field", "name": "None"}, "structure": {"type": "structure", "subtype": "bandit_camp", "name": "None"}, "population": {"type": "population", "subtype": "human", "name": "None", "amount": 835}}, {"x": 7, "y": 1, "visited": 0, "terrain": {"type": "terrain", "subtype": "field", "name": "None"}, "structure": {"type": "structure", "subtype": "bandit_camp", "name": "None"}, "population": {"type": "population", "subtype": "human", "name": "None", "amount": 741}}, {"x": 7, "y": 2, "visited": 0, "terrain": {"type": "terrain", "subtype": "field", "name": "None"}, "structure": {"type": "structure", "subtype": "none", "name": "None"}, "population": {"type": "population", "subtype": "none", "name": "None", "amount": 0}}, {"x": 7, "y": 3, "visited": 0, "terrain": {"type": "terrain", "subtype": "field", "name": "None"}, "structure": {"type": "structure", "subtype": "village", "name": "None", "population": 1171}, "population": {"type": "population", "subtype": "human", "name": "None", "amount": 672}}, {"x": 7, "y": 4, "visited": 0, "terrain": {"type": "terrain", "subtype": "field", "name": "None"}, "structure": {"type": "structure", "subtype": "village", "name": "None", "population": 2615}, "population": {"type": "population", "subtype": "human", "name": "None", "amount": 416}}, {"x": 7, "y": 5, "visited": 0, "terrain": {"type": "terrain", "subtype": "field", "name": "None"}, "structure": {"type": "structure", "subtype": "village", "name": "None", "population": 1841}, "population": {"type": "population", "subtype": "human", "name": "None", "amount": 204}}, {"x": 7, "y": 6, "visited": 0, "terrain": {"type": "terrain", "subtype": "field", "name": "None"}, "structure": {"type": "structure", "subtype": "village", "name": "None", "population": 5458}, "population": {"type": "population", "subtype": "human", "name": "None", "amount": 871}}, {"x": 7, "y": 7, "visited": 0, "terrain": {"type": "terrain", "subtype": "field", "name": "None"}, "structure": {"type": "structure", "subtype": "village", "name": "None", "population": 8475}, "population": {"type": "population", "subtype": "human", "name": "None", "amount": 774}}, {"x": 7, "y": 8, "visited": 0, "terrain": {"type": "terrain", "subtype": "field", "name": "None"}, "structure": {"type": "structure", "subtype": "village", "name": "None", "population": 2175}, "population": {"type": "population", "subtype": "human", "name": "None", "amount": 975}}, {"x": 7, "y": 9, "visited": 0, "terrain": {"type": "terrain", "subtype": "field", "name": "None"}, "structure": {"type": "structure", "subtype": "village", "name": "None", "population": 9289}, "population": {"type": "population", "subtype": "human", "name": "None", "amount": 14}}, {"x": 8, "y": 0, "visited": 0, "terrain": {"type": "terrain", "subtype": "field", "name": "None"}, "structure": {"type": "structure", "subtype": "bandit_camp", "name": "None"}, "population": {"type": "population", "subtype": "human", "name": "None", "amount": 608}}, {"x": 8, "y": 1, "visited": 0, "terrain": {"type": "terrain", "subtype": "field", "name": "None"}, "structure": {"type": "structure", "subtype": "bandit_camp", "name": "None"}, "population": {"type": "population", "subtype": "human", "name": "None", "amount": 704}}, {"x": 8, "y": 2, "visited": 0, "terrain": {"type": "terrain", "subtype": "field", "name": "None"}, "structure": {"type": "structure", "subtype": "none", "name": "None"}, "population": {"type": "population", "subtype": "none", "name": "None", "amount": 0}}, {"x": 8, "y": 3, "visited": 0, "terrain": {"type": "terrain", "subtype": "field", "name": "None"}, "structure": {"type": "structure", "subtype": "village", "name": "None", "population": 3471}, "population": {"type": "population", "subtype": "human", "name": "None", "amount": 323}}, {"x": 8, "y": 4, "visited": 0, "terrain": {"type": "terrain", "subtype": "field", "name": "None"}, "structure": {"type": "structure", "subtype": "village", "name": "None", "population": 1324}, "population": {"type": "population", "subtype": "human", "name": "None", "amount": 429}}, {"x": 8, "y": 5, "visited": 0, "terrain": {"type": "terrain", "subtype": "field", "name": "None"}, "structure": {"type": "structure", "subtype": "village", "name": "None", "population": 9006}, "population": {"type": "population", "subtype": "human", "name": "None", "amount": 615}}, {"x": 8, "y": 6, "visited": 0, "terrain": {"type": "terrain", "subtype": "field", "name": "None"}, "structure": {"type": "structure", "subtype": "village", "name": "None", "population": 3482}, "population": {"type": "population", "subtype": "human", "name": "None", "amount": 418}}, {"x": 8, "y": 7, "visited": 0, "terrain": {"type": "terrain", "subtype": "field", "name": "None"}, "structure": {"type": "structure", "subtype": "village", "name": "None", "population": 1881}, "population": {"type": "population", "subtype": "human", "name": "None", "amount": 218}}, {"x": 8, "y": 8, "visited": 0, "terrain": {"type": "terrain", "subtype": "field", "name": "None"}, "structure": {"type": "structure", "subtype": "village", "name": "None", "population": 6404}, "population": {"type": "population", "subtype": "human", "name": "None", "amount": 246}}, {"x": 8, "y": 9, "visited": 0, "terrain": {"type": "terrain", "subtype": "field", "name": "None"}, "structure": {"type": "structure", "subtype": "village", "name": "None", "population": 1325}, "population": {"type": "population", "subtype": "human", "name": "None", "amount": 212}}, {"x": 9, "y": 0, "visited": 0, "terrain": {"type": "terrain", "subtype": "field", "name": "None"}, "structure": {"type": "structure", "subtype": "bandit_camp", "name": "None"}, "population": {"type": "population", "subtype": "human", "name": "None", "amount": 423}}, {"x": 9, "y": 1, "visited": 0, "terrain": {"type": "terrain", "subtype": "field", "name": "None"}, "structure": {"type": "structure", "subtype": "bandit_camp", "name": "None"}, "population": {"type": "population", "subtype": "none", "name": "None", "amount": 0}}, {"x": 9, "y": 2, "visited": 0, "terrain": {"type": "terrain", "subtype": "field", "name": "None"}, "structure": {"type": "structure", "subtype": "none", "name": "None"}, "population": {"type": "population", "subtype": "none", "name": "None", "amount": 0}}, {"x": 9, "y": 3, "visited": 0, "terrain": {"type": "terrain", "subtype": "field", "name": "None"}, "structure": {"type": "structure", "subtype": "village", "name": "None", "population": 2789}, "population": {"type": "population", "subtype": "human", "name": "None", "amount": 940}}, {"x": 9, "y": 4, "visited": 0, "terrain": {"type": "terrain", "subtype": "field", "name": "None"}, "structure": {"type": "structure", "subtype": "village", "name": "None", "population": 1410}, "population": {"type": "population", "subtype": "human", "name": "None", "amount": 742}}, {"x": 9, "y": 5, "visited": 0, "terrain": {"type": "terrain", "subtype": "field", "name": "None"}, "structure": {"type": "structure", "subtype": "village", "name": "None", "population": 9873}, "population": {"type": "population", "subtype": "human", "name": "None", "amount": 29}}, {"x": 9, "y": 6, "visited": 0, "terrain": {"type": "terrain", "subtype": "field", "name": "None"}, "structure": {"type": "structure", "subtype": "village", "name": "None", "population": 3390}, "population": {"type": "population", "subtype": "human", "name": "None", "amount": 897}}, {"x": 9, "y": 7, "visited": 0, "terrain": {"type": "terrain", "subtype": "field", "name": "None"}, "structure": {"type": "structure", "subtype": "village", "name": "None", "population": 361}, "population": {"type": "population", "subtype": "human", "name": "None", "amount": 528}}, {"x": 9, "y": 8, "visited": 0, "terrain": {"type": "terrain", "subtype": "field", "name": "None"}, "structure": {"type": "structure", "subtype": "village", "name": "None", "population": 7097}, "population": {"type": "population", "subtype": "human", "name": "None", "amount": 726}}, {"x": 9, "y": 9, "visited": 0, "terrain": {"type": "terrain", "subtype": "field", "name": "None"}, "structure": {"type": "structure", "subtype": "village", "name": "None", "population": 9295}, "population": {"type": "population", "subtype": "human", "name": "None", "amount": 966}}]}
