{"tiles": [{"x": 5, "y": 9, "visited": 1, "terrain": {"type": "terrain", "subtype": "field", "name": "None"}, "structure": {"type": "structure", "subtype": "village", "name": "None", "population": 628}, "population": {"type": "population", "subtype": "human", "name": "None", "amount": 9}}, {"x": 0, "y": 0, "visited": 0, "terrain": {"type": "terrain", "subtype": "field", "name": "None"}, "structure": {"type": "structure", "subtype": "none", "name": "None"}, "population": {"type": "population", "subtype": "none", "name": "None", "amount": 0}}, {"x": 0, "y": 1, "visited": 0, "terrain": {"type": "terrain", "subtype": "field", "name": "None"}, "structure": {"type": "structure", "subtype": "bandit_camp", "name": "None"}, "population": {"type": "population", "subtype": "human", "name": "None", "amount": 876}}, {"x": 0, "y": 2, "visited": 0, "terrain": {"type": "terrain", "subtype": "field", "name": "None"}, "structure": {"type": "structure", "subtype": "bandit_camp", "name": "None"}, "population": {"type": "population", "subtype": "human", "name": "None", "amount": 849}}, {"x": 0, "y": 3, "visited": 0, "terrain": {"type": "terrain", "subtype": "field", "name": "None"}, "structure": {"type": "structure", "subtype": "bandit_camp", "name": "None"}, "population": {"type": "population", "subtype": "human", "name": "None", "amount": 397}}, {"x": 0, "y": 4, "visited": 0, "terrain": {"type": "terrain", "subtype": "field", "name": "None"}, "structure": {"type": "structure", "subtype": "bandit_camp", "name": "None"}, "population": {"type": "population", "subtype": "human", "name": "None", "amount": 663}}, {"x": 0, "y": 5, "visited": 0, "terrain": {"type": "terrain", "subtype": "field", "name": "None"}, "structure": {"type": "structure", "subtype": "bandit_camp", "name": "None"}, "population": {"type": "population", "subtype": "human", "name": "None", "amount": 958}}, {"x": 0, "y": 6, "visited": 0, "terrain": {"type": "terrain", "subtype": "field", "name": "None"}, "structure": {"type": "structure", "subtype": "bandit_camp", "name": "None"}, "population": {"type": "population", "subtype": "human", "name": "None", "amount": 343}}, {"x": 0, "y": 7, "visited": 0, "terrain": {"type": "terrain", "subtype": "field", "name": "None"}, "structure": {"type": "structure", "subtype": "bandit_camp", "name": "None"}, "population": {"type": "population", "subtype": "human", "name": "None", "amount": 668}}, {"x": 0, "y": 8, "visited": 0, "terrain": {"type": "terrain", "subtype": "field", "name": "None"}, "structure": {"type": "structure", "subtype": "bandit_camp", "name": "None"}, "population": {"type": "population", "subtype": "human", "name": "None", "amount": 242}}, {"x": 0, "y": 9, "visited": 0, "terrain": {"type": "terrain", "subtype": "field", "name": "None"}, "structure": {"type": "structure", "subtype": "bandit_camp", "name": "None"}, "population": {"type": "population", "subtype": "human", "name": "None", "amount": 358}}, {"x": 1, "y": 0, "visited": 0, "terrain": {"type": "terrain", "subtype": "field", "name": "None"}, "structure": {"type": "structure", "subtype": "none", "name": "None"}, "population": {"type": "population", "subtype": "none", "name": "None", "amount": 0}}, {"x": 1, "y": 1, "visited": 0, "terrain": {"type": "terrain", "subtype": "field", "name": "None"}, "structure": {"type": "structure", "subtype": "none", "name": "None"}, "population": {"type": "population", "subtype": "none", "name": "None", "amount": 0}}, {"x": 1, "y": 2, "visited": 0, "terrain": {"type": "terrain", "subtype": "field", "name": "None"}, "structure": {"type": "structure", "subtype": "bandit_camp", "name": "None"}, "population": {"type": "population", "subtype": "human", "name": "None", "amount": 94}}, {"x": 1, "y": 3, "visited": 0, "terrain": {"type": "terrain", "subtype": "field", "name": "None"}, "structure": {"type": "structure", "subtype": "bandit_camp", "name": "None"}, "population": {"type": "population", "subtype": "human", "name": "None", "amount": 211}}, {"x": 1, "y": 4, "visited": 0, "terrain": {"type": "terrain", "subtype": "field", "name": "None"}, "structure": {"type": "structure", "subtype": "bandit_camp", "name": "None"}, "population": {"type": "population", "subtype": "human", "name": "None", "amount": 560}}, {"x": 1, "y": 5, "visited": 0, "terrain": {"type": "terrain", "subtype": "field", "name": "None"}, "structure": {"type": "structure", "subtype": "bandit_camp", "name": "None"}, "population": {"type": "population", "subtype": "human", "name": "None", "amount": 930}}, {"x": 1, "y": 6, "visited": 0, "terrain": {"type": "terrain", "subtype": "field", "name": "None"}, "structure": {"type": "structure", "subtype": "bandit_camp", "name": "None"}, "population": {"type": "population", "subtype": "human", "name": "None", "amount": 931}}, {"x": 1, "y": 7, "visited": 0, "terrain": {"type": "terrain", "subtype": "field", "name": "None"}, "structure": {"type": "structure", "subtype": "bandit_camp", "name": "None"}, "population": {"type": "population", "subtype": "human", "name": "None", "amount": 715}}, {"x": 1, "y": 8, "visited": 0, "terrain": {"type": "terrain", "subtype": "field", "name": "None"}, "structure": {"type": "structure", "subtype": "bandit_camp", "name": "None"}, "population": {"type": "population", "subtype": "human", "name": "None", "amount": 622}}, {"x": 1, "y": 9, "visited": 0, "terrain": {"type": "terrain", "subtype": "field", "name": "None"}, "structure": {"type": "structure", "subtype": "none", "name": "None"}, "population": {"type": "population", "subtype": "none", "name": "None", "amount": 0}}, {"x": 2, "y": 0, "visited": 0, "terrain": {"type": "terrain", "subtype": "field", "name": "None"}, "structure": {"type": "structure", "subtype": "none", "name": "None"}, "population": {"type": "population", "subtype": "human", "name": "None", "amount": 716}}, {"x": 2, "y": 1, "visited": 0, "terrain": {"type": "terrain", "subtype": "field", "name": "None"}, "structure": {"type": "structure", "subtype": "none", "name": "None"}, "population": {"type": "population", "subtype": "human", "name": "None", "amount": 588}}, {"x": 2, "y": 2, "visited": 0, "terrain": {"type": "terrain", "subtype": "field", "name": "None"}, "structure": {"type": "structure", "subtype": "none", "name": "None"}, "population": {"type": "population", "subtype": "human", "name": "None", "amount": 611}}, {"x": 2, "y": 3, "visited": 0, "terrain": {"type": "terrain", "subtype": "field", "name": "None"}, "structure": {"type": "structure", "subtype": "bandit_camp", "name": "None"}, "population": {"type": "population", "subtype": "human", "name": "None", "amount": 407}}, {"x": 2, "y": 4, "visited": 0, "terrain": {"type": "terrain", "subtype": "field", "name": "None"}, "structure": {"type": "structure", "subtype": "bandit_camp", "name": "None"}, "population": {"type": "population", "subtype": "human", "name": "None", "amount": 284}}, {"x": 2, "y": 5, "visited": 0, "terrain": {"type": "terrain", "subtype": "field", "name": "None"}, "structure": {"type": "structure", "subtype": "bandit_camp", "name": "None"}, "population": {"type": "population", "subtype": "human", "name": "None", "amount": 687}}, {"x": 2, "y": 6, "visited": 0, "terrain": {"type": "terrain", "subtype": "field", "name": "None"}, "structure": {"type": "structure", "subtype": "bandit_camp", "name": "None"}, "population": {"type": "population", "subtype": "human", "name": "None", "amount": 447}}, {"x": 2, "y": 7, "visited": 0, "terrain": {"type": "terrain", "subtype": "field", "name": "None"}, "structure": {"type": "structure", "subtype": "bandit_camp", "name": "None"}, "population": {"type": "population", "subtype": "human", "name": "None", "amount": 845}}, {"x": 2, "y": 8, "visited": 0, "terrain": {"type": "terrain", "subtype": "field", "name": "None"}, "structure": {"type": "structure", "subtype": "bandit_camp", "name": "None"}, "population": {"type": "population", "subtype": "human", "name": "None", "amount": 287}}, {"x": 2, "y": 9, "visited": 0, "terrain": {"type": "terrain", "subtype": "field", "name": "None"}, "structure": {"type": "structure", "subtype": "bandit_camp", "name": "None"}, "population": {"type": "population", "subtype": "human", "name": "None", "amount": 34}}, {"x": 3, "y": 0, "visited": 0, "terrain": {"type": "terrain", "subtype": "field", "name": "None"}, "structure": {"type": "structure", "subtype": "none", "name": "None"}, "population": {"type": "population", "subtype": "human", "name": "None", "amount": 293}}, {"x": 3, "y": 1, "visited": 0, "terrain": {"type": "terrain", "subtype": "field", "name": "None"}, "structure": {"type": "structure", "subtype": "none", "name": "None"}, "population": {"type": "population", "subtype": "human", "name": "None", "amount": 445}}, {"x": 3, "y": 2, "visited": 0, "terrain": {"type": "terrain", "subtype": "field", "name": "None"}, "structure": {"type": "structure", "subtype": "none", "name": "None"}, "population": {"type": "population", "subtype": "human", "name": "None", "amount": 425}}, {"x": 3, "y": 3, "visited": 0, "terrain": {"type": "terrain", "subtype": "field", "name": "None"}, "structure": {"type": "structure", "subtype": "none", "name": "None"}, "population": {"type": "population", "subtype": "none", "name": "None", "amount": 0}}, {"x": 3, "y": 4, "visited": 0, "terrain": {"type": "terrain", "subtype": "field", "name": "None"}, "structure": {"type": "structure", "subtype": "bandit_camp", "name": "None"}, "population": {"type": "population", "subtype": "human", "name": "None", "amount": 48}}, {"x": 3, "y": 5, "visited": 0, "terrain": {"type": "terrain", "subtype": "field", "name": "None"}, "structure": {"type": "structure", "subtype": "bandit_camp", "name": "None"}, "population": {"type": "population", "subtype": "human", "name": "None", "amount": 456}}, {"x": 3, "y": 6, "visited": 0, "terrain": {"type": "terrain", "subtype": "field", "name": "None"}, "structure": {"type": "structure", "subtype": "none", "name": "None"}, "population": {"type": "population", "subtype": "human", "name": "None", "amount": 629}}, {"x": 3, "y": 7, "visited": 0, "terrain": {"type": "terrain", "subtype": "field", "name": "None"}, "structure": {"type": "structure", "subtype": "bandit_camp", "name": "None"}, "population": {"type": "population", "subtype": "human", "name": "None", "amount": 878}}, {"x": 3, "y": 8, "visited": 0, "terrain": {"type": "terrain", "subtype": "field", "name": "None"}, "structure": {"type": "structure", "subtype": "bandit_camp", "name": "None"}, "population": {"type": "population", "subtype": "human", "name": "None", "amount": 526}}, {"x": 3, "y": 9, "visited": 0, "terrain": {"type": "terrain", "subtype": "field", "name": "None"}, "structure": {"type": "structure", "subtype": "bandit_camp", "name": "None"}, "population": {"type": "population", "subtype": "human", "name": "None", "amount": 8}}, {"x": 4, "y": 0, "visited": 0, "terrain": {"type": "terrain", "subtype": "field", "name": "None"}, "structure": {"type": "structure", "subtype": "village", "name": "None", "population": 8701}, "population": {"type": "population", "subtype": "human", "name": "None", "amount": 398}}, {"x": 4, "y": 1, "visited": 0, "terrain": {"type": "terrain", "subtype": "field", "name": "None"}, "structure": {"type": "structure", "subtype": "village", "name": "None", "population": 4869}, "population": {"type": "population", "subtype": "human", "name": "None", "amount": 374}}, {"x": 4, "y": 2, "visited": 0, "terrain": {"type": "terrain", "subtype": "field", "name": "None"}, "structure": {"type": "structure", "subtype": "village", "name": "None", "population": 5963}, "population": {"type": "population", "subtype": "human", "name": "None", "amount": 260}}, {"x": 4, "y": 3, "visited": 0, "terrain": {"type": "terrain", "subtype": "field", "name": "None"}, "structure": {"type": "structure", "subtype": "none", "name": "None"}, "population": {"type": "population", "subtype": "human", "name": "None", "amount": 87}}, {"x": 4, "y": 4, "visited": 0, "terrain": {"type": "terrain", "subtype": "field", "name": "None"}, "structure": {"type": "structure", "subtype": "none", "name": "None"}, "population": {"type": "population", "subtype": "human", "name": "None", "amount": 962}}, {"x": 4, "y": 5, "visited": 0, "terrain": {"type": "terrain", "subtype": "field", "name": "None"}, "structure": {"type": "structure", "subtype": "village", "name": "None", "population": 8437}, "population": {"type": "population", "subtype": "human", "name": "None", "amount": 167}}, {"x": 4, "y": 6, "visited": 0, "terrain": {"type": "terrain", "subtype": "field", "name": "None"}, "structure": {"type": "structure", "subtype": "village", "name": "None", "population": 8282}, "population": {"type": "population", "subtype": "human", "name": "None", "amount": 724}}, {"x": 4, "y": 7, "visited": 0, "terrain": {"type": "terrain", "subtype": "field", "name": "None"}, "structure": {"type": "structure", "subtype": "none", "name": "None"}, "population": {"type": "population", "subtype": "human", "name": "None", "amount": 469}}, {"x": 4, "y": 8, "visited": 0, "terrain": {"type": "terrain", "subtype": "field", "name": "None"}, "structure": {"type": "structure", "subtype": "none", "name": "None"}, "population": {"type": "population", "subtype": "human", "name": "None", "amount": 819}}, {"x": 4, "y": 9, "visited": 0, "terrain": {"type": "terrain", "subtype": "field", "name": "None"}, "structure": {"type": "structure", "subtype": "none", "name": "None"}, "population": {"type": "population", "subtype": "human", "name": "None", "amount": 897}}, {"x": 5, "y": 0, "visited": 1, "terrain": {"type": "terrain", "subtype": "field", "name": "None"}, "structure": {"type": "structure", "subtype": "village", "name": "None", "population": 7147}, "population": {"type": "population", "subtype": "human", "name": "None", "amount": 510}}, {"x": 5, "y": 1, "visited": 1, "terrain": {"type": "terrain", "subtype": "field", "name": "None"}, "structure": {"type": "structure", "subtype": "village", "name": "None", "population": 7685}, "population": {"type": "population", "subtype": "human", "name": "None", "amount": 693}}, {"x": 5, "y": 2, "visited": 1, "terrain": {"type": "terrain", "subtype": "field", "name": "None"}, "structure": {"type": "structure", "subtype": "village", "name": "None", "population": 8066}, "population": {"type": "population", "subtype": "human", "name": "None", "amount": 158}}, {"x": 5, "y": 3, "visited": 1, "terrain": {"type": "terrain", "subtype": "field", "name": "None"}, "structure": {"type": "structure", "subtype": "village", "name": "None", "population": 6029}, "population": {"type": "population", "subtype": "human", "name": "None", "amount": 554}}, {"x": 5, "y": 4, "visited": 1, "terrain": {"type": "terrain", "subtype": "field", "name": "None"}, "structure": {"type": "structure", "subtype": "village", "name": "None", "population": 1758}, "population": {"type": "population", "subtype": "human", "name": "None", "amount": 823}}, {"x": 5, "y": 5, "visited": 1, "terrain": {"type": "terrain", "subtype": "field", "name": "None"}, "structure": {"type": "structure", "subtype": "village", "name": "None", "population": 4203}, "population": {"type": "population", "subtype": "human", "name": "None", "amount": 108}}, {"x": 5, "y": 6, "visited": 1, "terrain": {"type": "terrain", "subtype": "field", "name": "None"}, "structure": {"type": "structure", "subtype": "village", "name": "None", "population": 9986}, "population": {"type": "population", "subtype": "human", "name": "None", "amount": 736}}, {"x": 5, "y": 7, "visited": 1, "terrain": {"type": "terrain", "subtype": "field", "name": "None"}, "structure": {"type": "structure", "subtype": "village", "name": "None", "population": 9426}, "population": {"type": "population", "subtype": "human", "name": "None", "amount": 339}}, {"x": 5, "y": 8, "visited": 1, "terrain": {"type": "terrain", "subtype": "field", "name": "None"}, "structure": {"type": "structure", "subtype": "village", "name": "None", "population": 9943}, "population": {"type": "population", "subtype": "human", "name": "None", "amount": 323}}, {"x": 6, "y": 0, "visited": 0, "terrain": {"type": "terrain", "subtype": "field", "name": "None"}, "structure": {"type": "structure", "subtype": "village", "name": "None", "population": 7743}, "population": {"type": "population", "subtype": "human", "name": "None", "amount": 557}}, {"x": 6, "y": 1, "visited": 0, "terrain": {"type": "terrain", "subtype": "field", "name": "None"}, "structure": {"type": "structure", "subtype": "village", "name": "None", "population": 7186}, "population": {"type": "population", "subtype": "human", "name": "None", "amount": 966}}, {"x": 6, "y": 2, "visited": 0, "terrain": {"type": "terrain", "subtype": "field", "name": "None"}, "structure": {"type": "structure", "subtype": "village", "name": "None", "population": 7660}, "population": {"type": "population", "subtype": "human", "name": "None", "amount": 583}}, {"x": 6, "y": 3, "visited": 0, "terrain": {"type": "terrain", "subtype": "field", "name": "None"}, "structure": {"type": "structure", "subtype": "village", "name": "None", "population": 5965}, "population": {"type": "population", "subtype": "human", "name": "None", "amount": 762}}, {"x": 6, "y": 4, "visited": 0, "terrain": {"type": "terrain", "subtype": "field", "name": "None"}, "structure": {"type": "structure", "subtype": "village", "name": "None", "population": 2976}, "population": {"type": "population", "subtype": "human", "name": "None", "amount": 539}}, {"x": 6, "y": 5, "visited": 0, "terrain": {"type": "terrain", "subtype": "field", "name": "None"}, "structure": {"type": "structure", "subtype": "village", "name": "None", "population": 1195}, "population": {"type": "population", "subtype": "human", "name": "None", "amount": 431}}, {"x": 6, "y": 6, "visited": 0, "terrain": {"type": "terrain", "subtype": "field", "name": "None"}, "structure": {"type": "structure", "subtype": "village", "name": "None", "population": 5242}, "population": {"type": "population", "subtype": "human", "name": "None", "amount": 916}}, {"x": 6, "y": 7, "visited": 0, "terrain": {"type": "terrain", "subtype": "field", "name": "None"}, "structure": {"type": "structure", "subtype": "village", "name": "None", "population": 4286}, "population": {"type": "population", "subtype": "human", "name": "None", "amount": 616}}, {"x": 6, "y": 8, "visited": 0, "terrain": {"type": "terrain", "subtype": "field", "name": "None"}, "structure": {"type": "structure", "subtype": "village", "name": "None", "population": 8438}, "population": {"type": "population", "subtype": "human", "name": "None", "amount": 798}}, {"x": 6, "y": 9, "visited": 0, "terrain": {"type": "terrain", "subtype": "field", "name": "None"}, "structure": {"type": "structure", "subtype": "village", "name": "None", "population": 2402}, "population": {"type": "population", "subtype": "human", "name": "None", "amount": 437}}, {"x": 7, "y": 0, "visited": 0, "terrain": {"type": "terrain", "subtype": "field", "name": "None"}, "structure": {"type": "structure", "subtype": "village", "name": "None", "population": 2205}, "population": {"type": "population", "subtype": "human", "name": "None", "amount": 177}}, {"x": 7, "y": 1, "visited": 0, "terrain": {"type": "terrain", "subtype": "field", "name": "None"}, "structure": {"type": "structure", "subtype": "village", "name": "None", "population": 2214}, "population": {"type": "population", "subtype": "human", "name": "None", "amount": 91}}, {"x": 7, "y": 2, "visited": 0, "terrain": {"type": "terrain", "subtype": "field", "name": "None"}, "structure": {"type": "structure", "subtype": "village", "name": "None", "population": 6040}, "population": {"type": "population", "subtype": "human", "name": "None", "amount": 733}}, {"x": 7, "y": 3, "visited": 0, "terrain": {"type": "terrain", "subtype": "field", "name": "None"}, "structure": {"type": "structure", "subtype": "village", "name": "None", "population": 543}, "population": {"type": "population", "subtype": "human", "name": "None", "amount": 697}}, {"x": 7, "y": 4, "visited": 0, "terrain": {"type": "terrain", "subtype": "field", "name": "None"}, "structure": {"type": "structure", "subtype": "village", "name": "None", "population": 5476}, "population": {"type": "population", "subtype": "human", "name": "None", "amount": 791}}, {"x": 7, "y": 5, "visited": 0, "terrain": {"type": "terrain", "subtype": "field", "name": "None"}, "structure": {"type": "structure", "subtype": "village", "name": "None", "population": 9025}, "population": {"type": "population", "subtype": "human", "name": "None", "amount": 19}}, {"x": 7, "y": 6, "visited": 0, "terrain": {"type": "terrain", "subtype": "field", "name": "None"}, "structure": {"type": "structure", "subtype": "village", "name": "None", "population": 6674}, "population": {"type": "population", "subtype": "human", "name": "None", "amount": 990}}, {"x": 7, "y": 7, "visited": 0, "terrain": {"type": "terrain", "subtype": "field", "name": "None"}, "structure": {"type": "structure", "subtype": "village", "name": "None", "population": 7975}, "population": {"type": "population", "subtype": "human", "name": "None", "amount": 290}}, {"x": 7, "y": 8, "visited": 0, "terrain": {"type": "terrain", "subtype": "field", "name": "None"}, "structure": {"type": "structure", "subtype": "village", "name": "None", "population": 1673}, "population": {"type": "population", "subtype": "human", "name": "None", "amount": 626}}, {"x": 7, "y": 9, "visited": 0, "terrain": {"type": "terrain", "subtype": "field", "name": "None"}, "structure": {"type": "structure", "subtype": "village", "name": "None", "population": 8281}, "population": {"type": "population", "subtype": "human", "name": "None", "amount": 750}}, {"x": 8, "y": 0, "visited": 0, "terrain": {"type": "terrain", "subtype": "field", "name": "None"}, "structure": {"type": "structure", "subtype": "village", "name": "None", "population": 6178}, "population": {"type": "population", "subtype": "human", "name": "None", "amount": 593}}, {"x": 8, "y": 1, "visited": 0, "terrain": {"type": "terrain", "subtype": "field", "name": "None"}, "structure": {"type": "structure", "subtype": "village", "name": "None", "population": 1418}, "population": {"type": "population", "subtype": "human", "name": "None", "amount": 85}}, {"x": 8, "y": 2, "visited": 0, "terrain": {"type": "terrain", "subtype": "field", "name": "None"}, "structure": {"type": "structure", "subtype": "village", "name": "None", "population": 5175}, "population": {"type": "population", "subtype": "human", "name": "None", "amount": 897}}, {"x": 8, "y": 3, "visited": 0, "terrain": {"type": "terrain", "subtype": "field", "name": "None"}, "structure": {"type": "structure", "subtype": "village", "name": "None", "population": 5854}, "population": {"type": "population", "subtype": "human", "name": "None", "amount": 467}}, {"x": 8, "y": 4, "visited": 0, "terrain": {"type": "terrain", "subtype": "field", "name": "None"}, "structure": {"type": "structure", "subtype": "village", "name": "None", "population": 4607}, "population": {"type": "population", "subtype": "human", "name": "None", "amount": 775}}, {"x": 8, "y": 5, "visited": 0, "terrain": {"type": "terrain", "subtype": "field", "name": "None"}, "structure": {"type": "structure", "subtype": "village", "name": "None", "population": 9291}, "population": {"type": "population", "subtype": "human", "name": "None", "amount": 885}}, {"x": 8, "y": 6, "visited": 0, "terrain": {"type": "terrain", "subtype": "field", "name": "None"}, "structure": {"type": "structure", "subtype": "village", "name": "None", "population": 5059}, "population": {"type": "population", "subtype": "human", "name": "None", "amount": 507}}, {"x": 8, "y": 7, "visited": 0, "terrain": {"type": "terrain", "subtype": "field", "name": "None"}, "structure": {"type": "structure", "subtype": "village", "name": "None", "population": 9246}, "population": {"type": "population", "subtype": "human", "name": "None", "amount": 421}}, {"x": 8, "y": 8, "visited": 0, "terrain": {"type": "terrain", "subtype": "field", "name": "None"}, "structure": {"type": "structure", "subtype": "village", "name": "None", "population": 6892}, "population": {"type": "population", "subtype": "human", "name": "None", "amount": 167}}, {"x": 8, "y": 9, "visited": 0, "terrain": {"type": "terrain", "subtype": "field", "name": "None"}, "structure": {"type": "structure", "subtype": "village", "name": "None", "population": 794}, "population": {"type": "population", "subtype": "human", "name": "None", "amount": 381}}, {"x": 9, "y": 0, "visited": 0, "terrain": {"type": "terrain", "subtype": "field", "name": "None"}, "structure": {"type": "structure", "subtype": "village", "name": "None", "population": 2990}, "population": {"type": "population", "subtype": "human", "name": "None", "amount": 911}}, {"x": 9, "y": 1, "visited": 0, "terrain": {"type": "terrain", "subtype": "field", "name": "None"}, "structure": {"type": "structure", "subtype": "village", "name": "None", "population": 3367}, "population": {"type": "population", "subtype": "human", "name": "None", "amount": 672}}, {"x": 9, "y": 2, "visited": 0, "terrain": {"type": "terrain", "subtype": "field", "name": "None"}, "structure": {"type": "structure", "subtype": "village", "name": "None", "population": 5174}, "population": {"type": "population", "subtype": "human", "name": "None", "amount": 476}}, {"x": 9, "y": 3, "visited": 0, "terrain": {"type": "terrain", "subtype": "field", "name": "None"}, "structure": {"type": "structure", "subtype": "village", "name": "None", "population": 7786}, "population": {"type": "population", "subtype": "human", "name": "None", "amount": 533}}, {"x": 9, "y": 4, "visited": 0, "terrain": {"type": "terrain", "subtype": "field", "name": "None"}, "structure": {"type": "structure", "subtype": "village", "name": "None", "population": 8227}, "population": {"type": "population", "subtype": "human", "name": "None", "amount": 855}}, {"x": 9, "y": 5, "visited": 0, "terrain": {"type": "terrain", "subtype": "field", "name": "None"}, "structure": {"type": "structure", "subtype": "village", "name": "None", "population": 6080}, "population": {"type": "population", "subtype": "human", "name": "None", "amount": 236}}, {"x": 9, "y": 6, "visited": 0, "terrain": {"type": "terrain", "subtype": "field", "name": "None"}, "structure": {"type": "structure", "subtype": "village", "name": "None", "population": 9867}, "population": {"type": "population", "subtype": "human", "name": "None", "amount": 984}}, {"x": 9, "y": 7, "visited": 0, "terrain": {"type": "terrain", "subtype": "field", "name": "None"}, "structure": {"type": "structure", "subtype": "village", "name": "None", "population": 2234}, "population": {"type": "population", "subtype": "human", "name": "None", "amount": 496}}, {"x": 9, "y": 8, "visited": 0, "terrain": {"type": "terrain", "subtype": "field", "name": "None"}, "structure": {"type": "structure", "subtype": "village", "name": "None", "population": 5156}, "population": {"type": "population", "subtype": "human", "name": "None", "amount": 758}}, {"x": 9, "y": 9, "visited": 0, "terrain": {"type": "terrain", "subtype": "field", "name": "None"}, "structure": {"type": "structure", "subtype": "village", "name": "None", "population": 5030}, "population": {"type": "population", "subtype": "human", "name": "None", "amount": 796}}]}
