{"tiles": [{"x": 0, "y": 5, "visited": 1, "terrain": {"type": "terrain", "subtype": "field", "name": "None"}, "structure": {"type": "structure", "subtype": "village", "name": "None", "population": 2170}, "population": {"type": "population", "subtype": "human", "name": "None", "amount": 734}}, {"x": 0, "y": 0, "visited": 0, "terrain": {"type": "terrain", "subtype": "field", "name": "None"}, "structure": {"type": "structure", "subtype": "none", "name": "None"}, "population": {"type": "population", "subtype": "human", "name": "None", "amount": 770}}, {"x": 0, "y": 1, "visited": 0, "terrain": {"type": "terrain", "subtype": "field", "name": "None"}, "structure": {"type": "structure", "subtype": "none", "name": "None"}, "population": {"type": "population", "subtype": "human", "name": "None", "amount": 635}}, {"x": 0, "y": 2, "visited": 0, "terrain": {"type": "terrain", "subtype": "field", "name": "None"}, "structure": {"type": "structure", "subtype": "bandit_camp", "name": "None"}, "population": {"type": "population", "subtype": "human", "name": "None", "amount": 992}}, {"x": 0, "y": 3, "visited": 0, "terrain": {"type": "terrain", "subtype": "field", "name": "None"}, "structure": {"type": "structure", "subtype": "none", "name": "None"}, "population": {"type": "population", "subtype": "none", "name": "None", "amount": 0}}, {"x": 0, "y": 4, "visited": 0, "terrain": {"type": "terrain", "subtype": "field", "name": "None"}, "structure": {"type": "structure", "subtype": "none", "name": "None"}, "population": {"type": "population", "subtype": "none", "name": "None", "amount": 0}}, {"x": 0, "y": 6, "visited": 0, "terrain": {"type": "terrain", "subtype": "field", "name": "None"}, "structure": {"type": "structure", "subtype": "none", "name": "None"}, "population": {"type": "population", "subtype": "none", "name": "None", "amount": 0}}, {"x": 0, "y": 7, "visited": 0, "terrain": {"type": "terrain", "subtype": "field", "name": "None"}, "structure": {"type": "structure", "subtype": "none", "name": "None"}, "population": {"type": "population", "subtype": "none", "name": "None", "amount": 0}}, {"x": 0, "y": 8, "visited": 1, "terrain": {"type": "terrain", "subtype": "field", "name": "None"}, "structure": {"type": "structure", "subtype": "village", "name": "None", "population": 8114}, "population": {"type": "population", "subtype": "human", "name": "None", "amount": 138}}, {"x": 0, "y": 9, "visited": 1, "terrain": {"type": "terrain", "subtype": "field", "name": "None"}, "structure": {"type": "structure", "subtype": "village", "name": "None", "population": 5490}, "population": {"type": "population", "subtype": "human", "name": "None", "amount": 125}}, {"x": 1, "y": 0, "visited": 0, "terrain": {"type": "terrain", "subtype": "field", "name": "None"}, "structure": {"type": "structure", "subtype": "none", "name": "None"}, "population": {"type": "population", "subtype": "none", "name": "None", "amount": 0}}, {"x": 1, "y": 1, "visited": 0, "terrain": {"type": "terrain", "subtype": "field", "name": "None"}, "structure": {"type": "structure", "subtype": "bandit_camp", "name": "None"}, "population": {"type": "population", "subtype": "human", "name": "None", "amount": 96}}, {"x": 1, "y": 2, "visited": 0, "terrain": {"type": "terrain", "subtype": "field", "name": "None"}, "structure": {"type": "structure", "subtype": "bandit_camp", "name": "None"}, "population": {"type": "population", "subtype": "human", "name": "None", "amount": 240}}, {"x": 1, "y": 3, "visited": 0, "terrain": {"type": "terrain", "subtype": "field", "name": "None"}, "structure": {"type": "structure", "subtype": "none", "name": "None"}, "population": {"type": "population", "subtype": "none", "name": "None", "amount": 0}}, {"x": 1, "y": 4, "visited": 0, "terrain": {"type": "terrain", "subtype": "field", "name": "None"}, "structure": {"type": "structure", "subtype": "village", "name": "None", "population": 9444}, "population": {"type": "population", "subtype": "human", "name": "None", "amount": 184}}, {"x": 1, "y": 5, "visited": 1, "terrain": {"type": "terrain", "subtype": "field", "name": "None"}, "structure": {"type": "structure", "subtype": "village", "name": "None", "population": 8020}, "population": {"type": "population", "subtype": "human", "name": "None", "amount": 574}}, {"x": 1, "y": 6, "visited": 0, "terrain": {"type": "terrain", "subtype": "field", "name": "None"}, "structure": {"type": "structure", "subtype": "village", "name": "None", "population": 4860}, "population": {"type": "population", "subtype": "human", "name": "None", "amount": 226}}, {"x": 1, "y": 7, "visited": 0, "terrain": {"type": "terrain", "subtype": "field", "name": "None"}, "structure": {"type": "structure", "subtype": "village", "name": "None", "population": 6784}, "population": {"type": "population", "subtype": "human", "name": "None", "amount": 946}}, {"x": 1, "y": 8, "visited": 0, "terrain": {"type": "terrain", "subtype": "field", "name": "None"}, "structure": {"type": "structure", "subtype": "village", "name": "None", "population": 7770}, "population": {"type": "population", "subtype": "human", "name": "None", "amount": 116}}, {"x": 1, "y": 9, "visited": 0, "terrain": {"type": "terrain", "subtype": "field", "name": "None"}, "structure": {"type": "structure", "subtype": "village", "name": "None", "population": 9958}, "population": {"type": "population", "subtype": "human", "name": "None", "amount": 466}}, {"x": 2, "y": 0, "visited": 0, "terrain": {"type": "terrain", "subtype": "field", "name": "None"}, "structure": {"type": "structure", "subtype": "bandit_camp", "name": "None"}, "population": {"type": "population", "subtype": "human", "name": "None", "amount": 253}}, {"x": 2, "y": 1, "visited": 0, "terrain": {"type": "terrain", "subtype": "field", "name": "None"}, "structure": {"type": "structure", "subtype": "bandit_camp", "name": "None"}, "population": {"type": "population", "subtype": "human", "name": "None", "amount": 507}}, {"x": 2, "y": 2, "visited": 0, "terrain": {"type": "terrain", "subtype": "field", "name": "None"}, "structure": {"type": "structure", "subtype": "bandit_camp", "name": "None"}, "population": {"type": "population", "subtype": "human", "name": "None", "amount": 173}}, {"x": 2, "y": 3, "visited": 0, "terrain": {"type": "terrain", "subtype": "field", "name": "None"}, "structure": {"type": "structure", "subtype": "none", "name": "None"}, "population": {"type": "population", "subtype": "none", "name": "None", "amount": 0}}, {"x": 2, "y": 4, "visited": 0, "terrain": {"type": "terrain", "subtype": "field", "name": "None"}, "structure": {"type": "structure", "subtype": "village", "name": "None", "population": 7838}, "population": {"type": "population", "subtype": "human", "name": "None", "amount": 854}}, {"x": 2, "y": 5, "visited": 1, "terrain": {"type": "terrain", "subtype": "field", "name": "None"}, "structure": {"type": "structure", "subtype": "village", "name": "None", "population": 7907}, "population": {"type": "population", "subtype": "human", "name": "None", "amount": 584}}, {"x": 2, "y": 6, "visited": 0, "terrain": {"type": "terrain", "subtype": "field", "name": "None"}, "structure": {"type": "structure", "subtype": "village", "name": "None", "population": 5808}, "population": {"type": "population", "subtype": "human", "name": "None", "amount": 176}}, {"x": 2, "y": 7, "visited": 0, "terrain": {"type": "terrain", "subtype": "field", "name": "None"}, "structure": {"type": "structure", "subtype": "village", "name": "None", "population": 2827}, "population": {"type": "population", "subtype": "human", "name": "None", "amount": 781}}, {"x": 2, "y": 8, "visited": 0, "terrain": {"type": "terrain", "subtype": "field", "name": "None"}, "structure": {"type": "structure", "subtype": "village", "name": "None", "population": 6177}, "population": {"type": "population", "subtype": "human", "name": "None", "amount": 347}}, {"x": 2, "y": 9, "visited": 0, "terrain": {"type": "terrain", "subtype": "field", "name": "None"}, "structure": {"type": "structure", "subtype": "village", "name": "None", "population": 8608}, "population": {"type": "population", "subtype": "human", "name": "None", "amount": 449}}, {"x": 3, "y": 0, "visited": 0, "terrain": {"type": "terrain", "subtype": "field", "name": "None"}, "structure": {"type": "structure", "subtype": "bandit_camp", "name": "None"}, "population": {"type": "population", "subtype": "human", "name": "None", "amount": 151}}, {"x": 3, "y": 1, "visited": 0, "terrain": {"type": "terrain", "subtype": "field", "name": "None"}, "structure": {"type": "structure", "subtype": "bandit_camp", "name": "None"}, "population": {"type": "population", "subtype": "human", "name": "None", "amount": 263}}, {"x": 3, "y": 2, "visited": 0, "terrain": {"type": "terrain", "subtype": "field", "name": "None"}, "structure": {"type": "structure", "subtype": "bandit_camp", "name": "None"}, "population": {"type": "population", "subtype": "human", "name": "None", "amount": 192}}, {"x": 3, "y": 3, "visited": 0, "terrain": {"type": "terrain", "subtype": "field", "name": "None"}, "structure": {"type": "structure", "subtype": "none", "name": "None"}, "population": {"type": "population", "subtype": "none", "name": "None", "amount": 0}}, {"x": 3, "y": 4, "visited": 0, "terrain": {"type": "terrain", "subtype": "field", "name": "None"}, "structure": {"type": "structure", "subtype": "village", "name": "None", "population": 6995}, "population": {"type": "population", "subtype": "human", "name": "None", "amount": 305}}, {"x": 3, "y": 5, "visited": 1, "terrain": {"type": "terrain", "subtype": "field", "name": "None"}, "structure": {"type": "structure", "subtype": "village", "name": "None", "population": 9229}, "population": {"type": "population", "subtype": "human", "name": "None", "amount": 451}}, {"x": 3, "y": 6, "visited": 0, "terrain": {"type": "terrain", "subtype": "field", "name": "None"}, "structure": {"type": "structure", "subtype": "village", "name": "None", "population": 2939}, "population": {"type": "population", "subtype": "human", "name": "None", "amount": 39}}, {"x": 3, "y": 7, "visited": 0, "terrain": {"type": "terrain", "subtype": "field", "name": "None"}, "structure": {"type": "structure", "subtype": "village", "name": "None", "population": 866}, "population": {"type": "population", "subtype": "human", "name": "None", "amount": 327}}, {"x": 3, "y": 8, "visited": 0, "terrain": {"type": "terrain", "subtype": "field", "name": "None"}, "structure": {"type": "structure", "subtype": "village", "name": "None", "population": 5591}, "population": {"type": "population", "subtype": "human", "name": "None", "amount": 33}}, {"x": 3, "y": 9, "visited": 0, "terrain": {"type": "terrain", "subtype": "field", "name": "None"}, "structure": {"type": "structure", "subtype": "village", "name": "None", "population": 9397}, "population": {"type": "population", "subtype": "human", "name": "None", "amount": 477}}, {"x": 4, "y": 0, "visited": 0, "terrain": {"type": "terrain", "subtype": "field", "name": "None"}, "structure": {"type": "structure", "subtype": "bandit_camp", "name": "None"}, "population": {"type": "population", "subtype": "human", "name": "None", "amount": 737}}, {"x": 4, "y": 1, "visited": 0, "terrain": {"type": "terrain", "subtype": "field", "name": "None"}, "structure": {"type": "structure", "subtype": "bandit_camp", "name": "None"}, "population": {"type": "population", "subtype": "human", "name": "None", "amount": 808}}, {"x": 4, "y": 2, "visited": 0, "terrain": {"type": "terrain", "subtype": "field", "name": "None"}, "structure": {"type": "structure", "subtype": "none", "name": "None"}, "population": {"type": "population", "subtype": "human", "name": "None", "amount": 525}}, {"x": 4, "y": 3, "visited": 0, "terrain": {"type": "terrain", "subtype": "field", "name": "None"}, "structure": {"type": "structure", "subtype": "village", "name": "None", "population": 8549}, "population": {"type": "population", "subtype": "human", "name": "None", "amount": 443}}, {"x": 4, "y": 4, "visited": 0, "terrain": {"type": "terrain", "subtype": "field", "name": "None"}, "structure": {"type": "structure", "subtype": "village", "name": "None", "population": 5936}, "population": {"type": "population", "subtype": "human", "name": "None", "amount": 362}}, {"x": 4, "y": 5, "visited": 1, "terrain": {"type": "terrain", "subtype": "field", "name": "None"}, "structure": {"type": "structure", "subtype": "village", "name": "None", "population": 4075}, "population": {"type": "population", "subtype": "human", "name": "None", "amount": 238}}, {"x": 4, "y": 6, "visited": 0, "terrain": {"type": "terrain", "subtype": "field", "name": "None"}, "structure": {"type": "structure", "subtype": "village", "name": "None", "population": 9095}, "population": {"type": "population", "subtype": "human", "name": "None", "amount": 433}}, {"x": 4, "y": 7, "visited": 0, "terrain": {"type": "terrain", "subtype": "field", "name": "None"}, "structure": {"type": "structure", "subtype": "village", "name": "None", "population": 5993}, "population": {"type": "population", "subtype": "human", "name": "None", "amount": 545}}, {"x": 4, "y": 8, "visited": 0, "terrain": {"type": "terrain", "subtype": "field", "name": "None"}, "structure": {"type": "structure", "subtype": "village", "name": "None", "population": 2525}, "population": {"type": "population", "subtype": "human", "name": "None", "amount": 42}}, {"x": 4, "y": 9, "visited": 0, "terrain": {"type": "terrain", "subtype": "field", "name": "None"}, "structure": {"type": "structure", "subtype": "village", "name": "None", "population": 3661}, "population": {"type": "population", "subtype": "human", "name": "None", "amount": 425}}, {"x": 5, "y": 0, "visited": 0, "terrain": {"type": "terrain", "subtype": "field", "name": "None"}, "structure": {"type": "structure", "subtype": "none", "name": "None"}, "population": {"type": "population", "subtype": "none", "name": "None", "amount": 0}}, {"x": 5, "y": 1, "visited": 0, "terrain": {"type": "terrain", "subtype": "field", "name": "None"}, "structure": {"type": "structure", "subtype": "village", "name": "None", "population": 498}, "population": {"type": "population", "subtype": "human", "name": "None", "amount": 216}}, {"x": 5, "y": 2, "visited": 0, "terrain": {"type": "terrain", "subtype": "field", "name": "None"}, "structure": {"type": "structure", "subtype": "village", "name": "None", "population": 4891}, "population": {"type": "population", "subtype": "human", "name": "None", "amount": 472}}, {"x": 5, "y": 3, "visited": 0, "terrain": {"type": "terrain", "subtype": "field", "name": "None"}, "structure": {"type": "structure", "subtype": "village", "name": "None", "population": 704}, "population": {"type": "population", "subtype": "human", "name": "None", "amount": 676}}, {"x": 5, "y": 4, "visited": 0, "terrain": {"type": "terrain", "subtype": "field", "name": "None"}, "structure": {"type": "structure", "subtype": "village", "name": "None", "population": 6239}, "population": {"type": "population", "subtype": "human", "name": "None", "amount": 741}}, {"x": 5, "y": 5, "visited": 1, "terrain": {"type": "terrain", "subtype": "field", "name": "None"}, "structure": {"type": "structure", "subtype": "none", "name": "None"}, "population": {"type": "population", "subtype": "none", "name": "None", "amount": 0}}, {"x": 5, "y": 6, "visited": 0, "terrain": {"type": "terrain", "subtype": "field", "name": "None"}, "structure": {"type": "structure", "subtype": "none", "name": "None"}, "population": {"type": "population", "subtype": "none", "name": "None", "amount": 0}}, {"x": 5, "y": 7, "visited": 0, "terrain": {"type": "terrain", "subtype": "field", "name": "None"}, "structure": {"type": "structure", "subtype": "village", "name": "None", "population": 4993}, "population": {"type": "population", "subtype": "human", "name": "None", "amount": 160}}, {"x": 5, "y": 8, "visited": 0, "terrain": {"type": "terrain", "subtype": "field", "name": "None"}, "structure": {"type": "structure", "subtype": "village", "name": "None", "population": 8835}, "population": {"type": "population", "subtype": "human", "name": "None", "amount": 626}}, {"x": 5, "y": 9, "visited": 0, "terrain": {"type": "terrain", "subtype": "field", "name": "None"}, "structure": {"type": "structure", "subtype": "village", "name": "None", "population": 1996}, "population": {"type": "population", "subtype": "human", "name": "None", "amount": 29}}, {"x": 6, "y": 0, "visited": 0, "terrain": {"type": "terrain", "subtype": "field", "name": "None"}, "structure": {"type": "structure", "subtype": "village", "name": "None", "population": 2041}, "population": {"type": "population", "subtype": "human", "name": "None", "amount": 153}}, {"x": 6, "y": 1, "visited": 0, "terrain": {"type": "terrain", "subtype": "field", "name": "None"}, "structure": {"type": "structure", "subtype": "village", "name": "None", "population": 196}, "population": {"type": "population", "subtype": "human", "name": "None", "amount": 814}}, {"x": 6, "y": 2, "visited": 0, "terrain": {"type": "terrain", "subtype": "field", "name": "None"}, "structure": {"type": "structure", "subtype": "village", "name": "None", "population": 8367}, "population": {"type": "population", "subtype": "human", "name": "None", "amount": 342}}, {"x": 6, "y": 3, "visited": 0, "terrain": {"type": "terrain", "subtype": "field", "name": "None"}, "structure": {"type": "structure", "subtype": "village", "name": "None", "population": 1018}, "population": {"type": "population", "subtype": "human", "name": "None", "amount": 651}}, {"x": 6, "y": 4, "visited": 0, "terrain": {"type": "terrain", "subtype": "field", "name": "None"}, "structure": {"type": "structure", "subtype": "village", "name": "None", "population": 1495}, "population": {"type": "population", "subtype": "human", "name": "None", "amount": 706}}, {"x": 6, "y": 5, "visited": 1, "terrain": {"type": "terrain", "subtype": "field", "name": "None"}, "structure": {"type": "structure", "subtype": "village", "name": "None", "population": 1201}, "population": {"type": "population", "subtype": "human", "name": "None", "amount": 880}}, {"x": 6, "y": 6, "visited": 0, "terrain": {"type": "terrain", "subtype": "field", "name": "None"}, "structure": {"type": "structure", "subtype": "none", "name": "None"}, "population": {"type": "population", "subtype": "none", "name": "None", "amount": 0}}, {"x": 6, "y": 7, "visited": 0, "terrain": {"type": "terrain", "subtype": "field", "name": "None"}, "structure": {"type": "structure", "subtype": "none", "name": "None"}, "population": {"type": "population", "subtype": "none", "name": "None", "amount": 0}}, {"x": 6, "y": 8, "visited": 0, "terrain": {"type": "terrain", "subtype": "field", "name": "None"}, "structure": {"type": "structure", "subtype": "village", "name": "None", "population": 1984}, "population": {"type": "population", "subtype": "human", "name": "None", "amount": 817}}, {"x": 6, "y": 9, "visited": 0, "terrain": {"type": "terrain", "subtype": "field", "name": "None"}, "structure": {"type": "structure", "subtype": "none", "name": "None"}, "population": {"type": "population", "subtype": "none", "name": "None", "amount": 0}}, {"x": 7, "y": 0, "visited": 0, "terrain": {"type": "terrain", "subtype": "field", "name": "None"}, "structure": {"type": "structure", "subtype": "village", "name": "None", "population": 8588}, "population": {"type": "population", "subtype": "human", "name": "None", "amount": 432}}, {"x": 7, "y": 1, "visited": 0, "terrain": {"type": "terrain", "subtype": "field", "name": "None"}, "structure": {"type": "structure", "subtype": "village", "name": "None", "population": 8323}, "population": {"type": "population", "subtype": "human", "name": "None", "amount": 790}}, {"x": 7, "y": 2, "visited": 0, "terrain": {"type": "terrain", "subtype": "field", "name": "None"}, "structure": {"type": "structure", "subtype": "village", "name": "None", "population": 1290}, "population": {"type": "population", "subtype": "human", "name": "None", "amount": 450}}, {"x": 7, "y": 3, "visited": 0, "terrain": {"type": "terrain", "subtype": "field", "name": "None"}, "structure": {"type": "structure", "subtype": "village", "name": "None", "population": 5391}, "population": {"type": "population", "subtype": "human", "name": "None", "amount": 123}}, {"x": 7, "y": 4, "visited": 0, "terrain": {"type": "terrain", "subtype": "field", "name": "None"}, "structure": {"type": "structure", "subtype": "village", "name": "None", "population": 3317}, "population": {"type": "population", "subtype": "human", "name": "None", "amount": 43}}, {"x": 7, "y": 5, "visited": 1, "terrain": {"type": "terrain", "subtype": "field", "name": "None"}, "structure": {"type": "structure", "subtype": "village", "name": "None", "population": 1571}, "population": {"type": "population", "subtype": "human", "name": "None", "amount": 772}}, {"x": 7, "y": 6, "visited": 0, "terrain": {"type": "terrain", "subtype": "field", "name": "None"}, "structure": {"type": "structure", "subtype": "village", "name": "None", "population": 8866}, "population": {"type": "population", "subtype": "human", "name": "None", "amount": 635}}, {"x": 7, "y": 7, "visited": 0, "terrain": {"type": "terrain", "subtype": "field", "name": "None"}, "structure": {"type": "structure", "subtype": "village", "name": "None", "population": 5995}, "population": {"type": "population", "subtype": "human", "name": "None", "amount": 893}}, {"x": 7, "y": 8, "visited": 0, "terrain": {"type": "terrain", "subtype": "field", "name": "None"}, "structure": {"type": "structure", "subtype": "village", "name": "None", "population": 7061}, "population": {"type": "population", "subtype": "human", "name": "None", "amount": 13}}, {"x": 7, "y": 9, "visited": 0, "terrain": {"type": "terrain", "subtype": "field", "name": "None"}, "structure": {"type": "structure", "subtype": "none", "name": "None"}, "population": {"type": "population", "subtype": "none", "name": "None", "amount": 0}}, {"x": 8, "y": 0, "visited": 0, "terrain": {"type": "terrain", "subtype": "field", "name": "None"}, "structure": {"type": "structure", "subtype": "village", "name": "None", "population": 8268}, "population": {"type": "population", "subtype": "human", "name": "None", "amount": 506}}, {"x": 8, "y": 1, "visited": 0, "terrain": {"type": "terrain", "subtype": "field", "name": "None"}, "structure": {"type": "structure", "subtype": "village", "name": "None", "population": 5564}, "population": {"type": "population", "subtype": "human", "name": "None", "amount": 60}}, {"x": 8, "y": 2, "visited": 0, "terrain": {"type": "terrain", "subtype": "field", "name": "None"}, "structure": {"type": "structure", "subtype": "village", "name": "None", "population": 7667}, "population": {"type": "population", "subtype": "human", "name": "None", "amount": 570}}, {"x": 8, "y": 3, "visited": 0, "terrain": {"type": "terrain", "subtype": "field", "name": "None"}, "structure": {"type": "structure", "subtype": "village", "name": "None", "population": 2091}, "population": {"type": "population", "subtype": "human", "name": "None", "amount": 367}}, {"x": 8, "y": 4, "visited": 0, "terrain": {"type": "terrain", "subtype": "field", "name": "None"}, "structure": {"type": "structure", "subtype": "village", "name": "None", "population": 6059}, "population": {"type": "population", "subtype": "human", "name": "None", "amount": 817}}, {"x": 8, "y": 5, "visited": 1, "terrain": {"type": "terrain", "subtype": "field", "name": "None"}, "structure": {"type": "structure", "subtype": "village", "name": "None", "population": 4209}, "population": {"type": "population", "subtype": "human", "name": "None", "amount": 477}}, {"x": 8, "y": 6, "visited": 0, "terrain": {"type": "terrain", "subtype": "field", "name": "None"}, "structure": {"type": "structure", "subtype": "village", "name": "None", "population": 7494}, "population": {"type": "population", "subtype": "human", "name": "None", "amount": 15}}, {"x": 8, "y": 7, "visited": 0, "terrain": {"type": "terrain", "subtype": "field", "name": "None"}, "structure": {"type": "structure", "subtype": "village", "name": "None", "population": 5593}, "population": {"type": "population", "subtype": "human", "name": "None", "amount": 251}}, {"x": 8, "y": 8, "visited": 0, "terrain": {"type": "terrain", "subtype": "field", "name": "None"}, "structure": {"type": "structure", "subtype": "village", "name": "None", "population": 193}, "population": {"type": "population", "subtype": "human", "name": "None", "amount": 471}}, {"x": 8, "y": 9, "visited": 0, "terrain": {"type": "terrain", "subtype": "field", "name": "None"}, "structure": {"type": "structure", "subtype": "none", "name": "None"}, "population": {"type": "population", "subtype": "none", "name": "None", "amount": 0}}, {"x": 9, "y": 0, "visited": 0, "terrain": {"type": "terrain", "subtype": "field", "name": "None"}, "structure": {"type": "structure", "subtype": "village", "name": "None", "population": 7558}, "population": {"type": "population", "subtype": "human", "name": "None", "amount": 965}}, {"x": 9, "y": 1, "visited": 0, "terrain": {"type": "terrain", "subtype": "field", "name": "None"}, "structure": {"type": "structure", "subtype": "village", "name": "None", "population": 9695}, "population": {"type": "population", "subtype": "human", "name": "None", "amount": 984}}, {"x": 9, "y": 2, "visited": 0, "terrain": {"type": "terrain", "subtype": "field", "name": "None"}, "structure": {"type": "structure", "subtype": "village", "name": "None", "population": 1303}, "population": {"type": "population", "subtype": "human", "name": "None", "amount": 976}}, {"x": 9, "y": 3, "visited": 0, "terrain": {"type": "terrain", "subtype": "field", "name": "None"}, "structure": {"type": "structure", "subtype": "village", "name": "None", "population": 9274}, "population": {"type": "population", "subtype": "human", "name": "None", "amount": 870}}, {"x": 9, "y": 4, "visited": 0, "terrain": {"type": "terrain", "subtype": "field", "name": "None"}, "structure": {"type": "structure", "subtype": "village", "name": "None", "population": 5891}, "population": {"type": "population", "subtype": "human", "name": "None", "amount": 706}}, {"x": 9, "y": 5, "visited": 1, "terrain": {"type": "terrain", "subtype": "field", "name": "None"}, "structure": {"type": "structure", "subtype": "village", "name": "None", "population": 5128}, "population": {"type": "population", "subtype": "human", "name": "None", "amount": 365}}, {"x": 9, "y": 6, "visited": 0, "terrain": {"type": "terrain", "subtype": "field", "name": "None"}, "structure": {"type": "structure", "subtype": "village", "name": "None", "population": 6767}, "population": {"type": "population", "subtype": "human", "name": "None", "amount": 118}}, {"x": 9, "y": 7, "visited": 0, "terrain": {"type": "terrain", "subtype": "field", "name": "None"}, "structure": {"type": "structure", "subtype": "village", "name": "None", "population": 7922}, "population": {"type": "population", "subtype": "human", "name": "None", "amount": 671}}, {"x": 9, "y": 8, "visited": 0, "terrain": {"type": "terrain", "subtype": "field", "name": "None"}, "structure": {"type": "structure", "subtype": "village", "name": "None", "population": 5183}, "population": {"type": "population", "subtype": "human", "name": "None", "amount": 458}}, {"x": 9, "y": 9, "visited": 0, "terrain": {"type": "terrain", "subtype": "field", "name": "None"}, "structure": {"type": "structure", "subtype": "village", "name": "None", "population": 4033}, "population": {"type": "population", "subtype": "human", "name": "None", "amount": 721}}]}
