{"tiles": [{"x": 9, "y": 0, "visited": 2, "terrain": {"type": "terrain", "subtype": "field", "name": "None"}, "structure": {"type": "structure", "subtype": "village", "name": "None", "population": 2264}, "population": {"type": "population", "subtype": "human", "name": "None", "amount": 372}}, {"x": 0, "y": 0, "visited": 1, "terrain": {"type": "terrain", "subtype": "field", "name": "None"}, "structure": {"type": "structure", "subtype": "village", "name": "None", "population": 2384}, "population": {"type": "population", "subtype": "human", "name": "None", "amount": 323}}, {"x": 0, "y": 1, "visited": 1, "terrain": {"type": "terrain", "subtype": "field", "name": "None"}, "structure": {"type": "structure", "subtype": "village", "name": "None", "population": 7455}, "population": {"type": "population", "subtype": "human", "name": "None", "amount": 776}}, {"x": 0, "y": 2, "visited": 1, "terrain": {"type": "terrain", "subtype": "field", "name": "None"}, "structure": {"type": "structure", "subtype": "village", "name": "None", "population": 4843}, "population": {"type": "population", "subtype": "human", "name": "None", "amount": 816}}, {"x": 0, "y": 3, "visited": 0, "terrain": {"type": "terrain", "subtype": "field", "name": "None"}, "structure": {"type": "structure", "subtype": "village", "name": "None", "population": 6949}, "population": {"type": "population", "subtype": "human", "name": "None", "amount": 343}}, {"x": 0, "y": 4, "visited": 0, "terrain": {"type": "terrain", "subtype": "field", "name": "None"}, "structure": {"type": "structure", "subtype": "village", "name": "None", "population": 3468}, "population": {"type": "population", "subtype": "human", "name": "None", "amount": 825}}, {"x": 0, "y": 5, "visited": 0, "terrain": {"type": "terrain", "subtype": "field", "name": "None"}, "structure": {"type": "structure", "subtype": "none", "name": "None"}, "population": {"type": "population", "subtype": "none", "name": "None", "amount": 0}}, {"x": 0, "y": 6, "visited": 0, "terrain": {"type": "terrain", "subtype": "field", "name": "None"}, "structure": {"type": "structure", "subtype": "none", "name": "None"}, "population": {"type": "population", "subtype": "none", "name": "None", "amount": 0}}, {"x": 0, "y": 7, "visited": 0, "terrain": {"type": "terrain", "subtype": "field", "name": "None"}, "structure": {"type": "structure", "subtype": "none", "name": "None"}, "population": {"type": "population", "subtype": "none", "name": "None", "amount": 0}}, {"x": 0, "y": 8, "visited": 0, "terrain": {"type": "terrain", "subtype": "field", "name": "None"}, "structure": {"type": "structure", "subtype": "village", "name": "None", "population": 9127}, "population": {"type": "population", "subtype": "human", "name": "None", "amount": 477}}, {"x": 0, "y": 9, "visited": 0, "terrain": {"type": "terrain", "subtype": "field", "name": "None"}, "structure": {"type": "structure", "subtype": "village", "name": "None", "population": 5433}, "population": {"type": "population", "subtype": "human", "name": "None", "amount": 558}}, {"x": 1, "y": 0, "visited": 0, "terrain": {"type": "terrain", "subtype": "field", "name": "None"}, "structure": {"type": "structure", "subtype": "village", "name": "None", "population": 1041}, "population": {"type": "population", "subtype": "human", "name": "None", "amount": 556}}, {"x": 1, "y": 1, "visited": 0, "terrain": {"type": "terrain", "subtype": "field", "name": "None"}, "structure": {"type": "structure", "subtype": "village", "name": "None", "population": 7847}, "population": {"type": "population", "subtype": "human", "name": "None", "amount": 870}}, {"x": 1, "y": 2, "visited": 1, "terrain": {"type": "terrain", "subtype": "field", "name": "None"}, "structure": {"type": "structure", "subtype": "village", "name": "None", "population": 8634}, "population": {"type": "population", "subtype": "human", "name": "None", "amount": 683}}, {"x": 1, "y": 3, "visited": 0, "terrain": {"type": "terrain", "subtype": "field", "name": "None"}, "structure": {"type": "structure", "subtype": "village", "name": "None", "population": 5135}, "population": {"type": "population", "subtype": "human", "name": "None", "amount": 995}}, {"x": 1, "y": 4, "visited": 0, "terrain": {"type": "terrain", "subtype": "field", "name": "None"}, "structure": {"type": "structure", "subtype": "none", "name": "None"}, "population": {"type": "population", "subtype": "none", "name": "None", "amount": 0}}, {"x": 1, "y": 5, "visited": 0, "terrain": {"type": "terrain", "subtype": "field", "name": "None"}, "structure": {"type": "structure", "subtype": "none", "name": "None"}, "population": {"type": "population", "subtype": "none", "name": "None", "amount": 0}}, {"x": 1, "y": 6, "visited": 0, "terrain": {"type": "terrain", "subtype": "field", "name": "None"}, "structure": {"type": "structure", "subtype": "none", "name": "None"}, "population": {"type": "population", "subtype": "none", "name": "None", "amount": 0}}, {"x": 1, "y": 7, "visited": 0, "terrain": {"type": "terrain", "subtype": "field", "name": "None"}, "structure": {"type": "structure", "subtype": "none", "name": "None"}, "population": {"type": "population", "subtype": "none", "name": "None", "amount": 0}}, {"x": 1, "y": 8, "visited": 0, "terrain": {"type": "terrain", "subtype": "field", "name": "None"}, "structure": {"type": "structure", "subtype": "none", "name": "None"}, "population": {"type": "population", "subtype": "none", "name": "None", "amount": 0}}, {"x": 1, "y": 9, "visited": 0, "terrain": {"type": "terrain", "subtype": "field", "name": "None"}, "structure": {"type": "structure", "subtype": "none", "name": "None"}, "population": {"type": "population", "subtype": "none", "name": "None", "amount": 0}}, {"x": 2, "y": 0, "visited": 0, "terrain": {"type": "terrain", "subtype": "field", "name": "None"}, "structure": {"type": "structure", "subtype": "village", "name": "None", "population": 2558}, "population": {"type": "population", "subtype": "human", "name": "None", "amount": 577}}, {"x": 2, "y": 1, "visited": 0, "terrain": {"type": "terrain", "subtype": "field", "name": "None"}, "structure": {"type": "structure", "subtype": "village", "name": "None", "population": 1990}, "population": {"type": "population", "subtype": "human", "name": "None", "amount": 139}}, {"x": 2, "y": 2, "visited": 1, "terrain": {"type": "terrain", "subtype": "field", "name": "None"}, "structure": {"type": "structure", "subtype": "village", "name": "None", "population": 6757}, "population": {"type": "population", "subtype": "human", "name": "None", "amount": 314}}, {"x": 2, "y": 3, "visited": 0, "terrain": {"type": "terrain", "subtype": "field", "name": "None"}, "structure": {"type": "structure", "subtype": "village", "name": "None", "population": 1312}, "population": {"type": "population", "subtype": "human", "name": "None", "amount": 871}}, {"x": 2, "y": 4, "visited": 0, "terrain": {"type": "terrain", "subtype": "field", "name": "None"}, "structure": {"type": "structure", "subtype": "none", "name": "None"}, "population": {"type": "population", "subtype": "none", "name": "None", "amount": 0}}, {"x": 2, "y": 5, "visited": 0, "terrain": {"type": "terrain", "subtype": "field", "name": "None"}, "structure": {"type": "structure", "subtype": "none", "name": "None"}, "population": {"type": "population", "subtype": "none", "name": "None", "amount": 0}}, {"x": 2, "y": 6, "visited": 0, "terrain": {"type": "terrain", "subtype": "field", "name": "None"}, "structure": {"type": "structure", "subtype": "none", "name": "None"}, "population": {"type": "population", "subtype": "none", "name": "None", "amount": 0}}, {"x": 2, "y": 7, "visited": 0, "terrain": {"type": "terrain", "subtype": "field", "name": "None"}, "structure": {"type": "structure", "subtype": "none", "name": "None"}, "population": {"type": "population", "subtype": "none", "name": "None", "amount": 0}}, {"x": 2, "y": 8, "visited": 0, "terrain": {"type": "terrain", "subtype": "field", "name": "None"}, "structure": {"type": "structure", "subtype": "none", "name": "None"}, "population": {"type": "population", "subtype": "none", "name": "None", "amount": 0}}, {"x": 2, "y": 9, "visited": 0, "terrain": {"type": "terrain", "subtype": "field", "name": "None"}, "structure": {"type": "structure", "subtype": "bandit_camp", "name": "None"}, "population": {"type": "population", "subtype": "human", "name": "None", "amount": 992}}, {"x": 3, "y": 0, "visited": 0, "terrain": {"type": "terrain", "subtype": "field", "name": "None"}, "structure": {"type": "structure", "subtype": "village", "name": "None", "population": 8403}, "population": {"type": "population", "subtype": "human", "name": "None", "amount": 320}}, {"x": 3, "y": 1, "visited": 0, "terrain": {"type": "terrain", "subtype": "field", "name": "None"}, "structure": {"type": "structure", "subtype": "none", "name": "None"}, "population": {"type": "population", "subtype": "none", "name": "None", "amount": 0}}, {"x": 3, "y": 2, "visited": 1, "terrain": {"type": "terrain", "subtype": "field", "name": "None"}, "structure": {"type": "structure", "subtype": "village", "name": "None", "population": 2205}, "population": {"type": "population", "subtype": "human", "name": "None", "amount": 727}}, {"x": 3, "y": 3, "visited": 0, "terrain": {"type": "terrain", "subtype": "field", "name": "None"}, "structure": {"type": "structure", "subtype": "village", "name": "None", "population": 74}, "population": {"type": "population", "subtype": "human", "name": "None", "amount": 840}}, {"x": 3, "y": 4, "visited": 0, "terrain": {"type": "terrain", "subtype": "field", "name": "None"}, "structure": {"type": "structure", "subtype": "village", "name": "None", "population": 7020}, "population": {"type": "population", "subtype": "human", "name": "None", "amount": 267}}, {"x": 3, "y": 5, "visited": 0, "terrain": {"type": "terrain", "subtype": "field", "name": "None"}, "structure": {"type": "structure", "subtype": "none", "name": "None"}, "population": {"type": "population", "subtype": "none", "name": "None", "amount": 0}}, {"x": 3, "y": 6, "visited": 0, "terrain": {"type": "terrain", "subtype": "field", "name": "None"}, "structure": {"type": "structure", "subtype": "none", "name": "None"}, "population": {"type": "population", "subtype": "none", "name": "None", "amount": 0}}, {"x": 3, "y": 7, "visited": 0, "terrain": {"type": "terrain", "subtype": "field", "name": "None"}, "structure": {"type": "structure", "subtype": "none", "name": "None"}, "population": {"type": "population", "subtype": "none", "name": "None", "amount": 0}}, {"x": 3, "y": 8, "visited": 0, "terrain": {"type": "terrain", "subtype": "field", "name": "None"}, "structure": {"type": "structure", "subtype": "none", "name": "None"}, "population": {"type": "population", "subtype": "none", "name": "None", "amount": 0}}, {"x": 3, "y": 9, "visited": 0, "terrain": {"type": "terrain", "subtype": "field", "name": "None"}, "structure": {"type": "structure", "subtype": "bandit_camp", "name": "None"}, "population": {"type": "population", "subtype": "human", "name": "None", "amount": 876}}, {"x": 4, "y": 0, "visited": 0, "terrain": {"type": "terrain", "subtype": "field", "name": "None"}, "structure": {"type": "structure", "subtype": "none", "name": "None"}, "population": {"type": "population", "subtype": "none", "name": "None", "amount": 0}}, {"x": 4, "y": 1, "visited": 0, "terrain": {"type": "terrain", "subtype": "field", "name": "None"}, "structure": {"type": "structure", "subtype": "none", "name": "None"}, "population": {"type": "population", "subtype": "none", "name": "None", "amount": 0}}, {"x": 4, "y": 2, "visited": 1, "terrain": {"type": "terrain", "subtype": "field", "name": "None"}, "structure": {"type": "structure", "subtype": "none", "name": "None"}, "population": {"type": "population", "subtype": "none", "name": "None", "amount": 0}}, {"x": 4, "y": 3, "visited": 0, "terrain": {"type": "terrain", "subtype": "field", "name": "None"}, "structure": {"type": "structure", "subtype": "village", "name": "None", "population": 6472}, "population": {"type": "population", "subtype": "human", "name": "None", "amount": 330}}, {"x": 4, "y": 4, "visited": 0, "terrain": {"type": "terrain", "subtype": "field", "name": "None"}, "structure": {"type": "structure", "subtype": "village", "name": "None", "population": 9858}, "population": {"type": "population", "subtype": "human", "name": "None", "amount": 230}}, {"x": 4, "y": 5, "visited": 0, "terrain": {"type": "terrain", "subtype": "field", "name": "None"}, "structure": {"type": "structure", "subtype": "village", "name": "None", "population": 2239}, "population": {"type": "population", "subtype": "human", "name": "None", "amount": 339}}, {"x": 4, "y": 6, "visited": 0, "terrain": {"type": "terrain", "subtype": "field", "name": "None"}, "structure": {"type": "structure", "subtype": "village", "name": "None", "population": 9482}, "population": {"type": "population", "subtype": "human", "name": "None", "amount": 498}}, {"x": 4, "y": 7, "visited": 0, "terrain": {"type": "terrain", "subtype": "field", "name": "None"}, "structure": {"type": "structure", "subtype": "none", "name": "None"}, "population": {"type": "population", "subtype": "none", "name": "None", "amount": 0}}, {"x": 4, "y": 8, "visited": 0, "terrain": {"type": "terrain", "subtype": "field", "name": "None"}, "structure": {"type": "structure", "subtype": "none", "name": "None"}, "population": {"type": "population", "subtype": "none", "name": "None", "amount": 0}}, {"x": 4, "y": 9, "visited": 0, "terrain": {"type": "terrain", "subtype": "field", "name": "None"}, "structure": {"type": "structure", "subtype": "none", "name": "None"}, "population": {"type": "population", "subtype": "none", "name": "None", "amount": 0}}, {"x": 5, "y": 0, "visited": 0, "terrain": {"type": "terrain", "subtype": "field", "name": "None"}, "structure": {"type": "structure", "subtype": "none", "name": "None"}, "population": {"type": "population", "subtype": "none", "name": "None", "amount": 0}}, {"x": 5, "y": 1, "visited": 0, "terrain": {"type": "terrain", "subtype": "field", "name": "None"}, "structure": {"type": "structure", "subtype": "none", "name": "None"}, "population": {"type": "population", "subtype": "none", "name": "None", "amount": 0}}, {"x": 5, "y": 2, "visited": 1, "terrain": {"type": "terrain", "subtype": "field", "name": "None"}, "structure": {"type": "structure", "subtype": "kingdom", "name": "None", "population": 9514456}, "population": {"type": "population", "subtype": "human", "name": "None", "amount": 804}}, {"x": 5, "y": 3, "visited": 1, "terrain": {"type": "terrain", "subtype": "field", "name": "None"}, "structure": {"type": "structure", "subtype": "village", "name": "None", "population": 8219}, "population": {"type": "population", "subtype": "human", "name": "None", "amount": 131}}, {"x": 5, "y": 4, "visited": 1, "terrain": {"type": "terrain", "subtype": "field", "name": "None"}, "structure": {"type": "structure", "subtype": "village", "name": "None", "population": 97}, "population": {"type": "population", "subtype": "human", "name": "None", "amount": 163}}, {"x": 5, "y": 5, "visited": 1, "terrain": {"type": "terrain", "subtype": "field", "name": "None"}, "structure": {"type": "structure", "subtype": "village", "name": "None", "population": 8384}, "population": {"type": "population", "subtype": "human", "name": "None", "amount": 596}}, {"x": 5, "y": 6, "visited": 1, "terrain": {"type": "terrain", "subtype": "field", "name": "None"}, "structure": {"type": "structure", "subtype": "village", "name": "None", "population": 6503}, "population": {"type": "population", "subtype": "human", "name": "None", "amount": 338}}, {"x": 5, "y": 7, "visited": 1, "terrain": {"type": "terrain", "subtype": "field", "name": "None"}, "structure": {"type": "structure", "subtype": "village", "name": "None", "population": 9876}, "population": {"type": "population", "subtype": "human", "name": "None", "amount": 754}}, {"x": 5, "y": 8, "visited": 2, "terrain": {"type": "terrain", "subtype": "field", "name": "None"}, "structure": {"type": "structure", "subtype": "none", "name": "None"}, "population": {"type": "population", "subtype": "none", "name": "None", "amount": 0}}, {"x": 5, "y": 9, "visited": 2, "terrain": {"type": "terrain", "subtype": "field", "name": "None"}, "structure": {"type": "structure", "subtype": "none", "name": "None"}, "population": {"type": "population", "subtype": "none", "name": "None", "amount": 0}}, {"x": 6, "y": 0, "visited": 0, "terrain": {"type": "terrain", "subtype": "field", "name": "None"}, "structure": {"type": "structure", "subtype": "none", "name": "None"}, "population": {"type": "population", "subtype": "none", "name": "None", "amount": 0}}, {"x": 6, "y": 1, "visited": 0, "terrain": {"type": "terrain", "subtype": "field", "name": "None"}, "structure": {"type": "structure", "subtype": "none", "name": "None"}, "population": {"type": "population", "subtype": "none", "name": "None", "amount": 0}}, {"x": 6, "y": 2, "visited": 0, "terrain": {"type": "terrain", "subtype": "field", "name": "None"}, "structure": {"type": "structure", "subtype": "village", "name": "None", "population": 7236}, "population": {"type": "population", "subtype": "human", "name": "None", "amount": 161}}, {"x": 6, "y": 3, "visited": 0, "terrain": {"type": "terrain", "subtype": "field", "name": "None"}, "structure": {"type": "structure", "subtype": "village", "name": "None", "population": 1750}, "population": {"type": "population", "subtype": "human", "name": "None", "amount": 30}}, {"x": 6, "y": 4, "visited": 0, "terrain": {"type": "terrain", "subtype": "field", "name": "None"}, "structure": {"type": "structure", "subtype": "village", "name": "None", "population": 8814}, "population": {"type": "population", "subtype": "human", "name": "None", "amount": 324}}, {"x": 6, "y": 5, "visited": 0, "terrain": {"type": "terrain", "subtype": "field", "name": "None"}, "structure": {"type": "structure", "subtype": "village", "name": "None", "population": 4189}, "population": {"type": "population", "subtype": "human", "name": "None", "amount": 524}}, {"x": 6, "y": 6, "visited": 0, "terrain": {"type": "terrain", "subtype": "field", "name": "None"}, "structure": {"type": "structure", "subtype": "village", "name": "None", "population": 6895}, "population": {"type": "population", "subtype": "human", "name": "None", "amount": 456}}, {"x": 6, "y": 7, "visited": 0, "terrain": {"type": "terrain", "subtype": "field", "name": "None"}, "structure": {"type": "structure", "subtype": "village", "name": "None", "population": 1698}, "population": {"type": "population", "subtype": "human", "name": "None", "amount": 502}}, {"x": 6, "y": 8, "visited": 0, "terrain": {"type": "terrain", "subtype": "field", "name": "None"}, "structure": {"type": "structure", "subtype": "village", "name": "None", "population": 4320}, "population": {"type": "population", "subtype": "human", "name": "None", "amount": 91}}, {"x": 6, "y": 9, "visited": 1, "terrain": {"type": "terrain", "subtype": "field", "name": "None"}, "structure": {"type": "structure", "subtype": "none", "name": "None"}, "population": {"type": "population", "subtype": "none", "name": "None", "amount": 0}}, {"x": 7, "y": 0, "visited": 0, "terrain": {"type": "terrain", "subtype": "field", "name": "None"}, "structure": {"type": "structure", "subtype": "none", "name": "None"}, "population": {"type": "population", "subtype": "none", "name": "None", "amount": 0}}, {"x": 7, "y": 1, "visited": 0, "terrain": {"type": "terrain", "subtype": "field", "name": "None"}, "structure": {"type": "structure", "subtype": "none", "name": "None"}, "population": {"type": "population", "subtype": "none", "name": "None", "amount": 0}}, {"x": 7, "y": 2, "visited": 0, "terrain": {"type": "terrain", "subtype": "field", "name": "None"}, "structure": {"type": "structure", "subtype": "village", "name": "None", "population": 4825}, "population": {"type": "population", "subtype": "human", "name": "None", "amount": 130}}, {"x": 7, "y": 3, "visited": 0, "terrain": {"type": "terrain", "subtype": "field", "name": "None"}, "structure": {"type": "structure", "subtype": "village", "name": "None", "population": 3008}, "population": {"type": "population", "subtype": "human", "name": "None", "amount": 5}}, {"x": 7, "y": 4, "visited": 0, "terrain": {"type": "terrain", "subtype": "field", "name": "None"}, "structure": {"type": "structure", "subtype": "village", "name": "None", "population": 6564}, "population": {"type": "population", "subtype": "human", "name": "None", "amount": 478}}, {"x": 7, "y": 5, "visited": 0, "terrain": {"type": "terrain", "subtype": "field", "name": "None"}, "structure": {"type": "structure", "subtype": "village", "name": "None", "population": 6528}, "population": {"type": "population", "subtype": "human", "name": "None", "amount": 572}}, {"x": 7, "y": 6, "visited": 0, "terrain": {"type": "terrain", "subtype": "field", "name": "None"}, "structure": {"type": "structure", "subtype": "village", "name": "None", "population": 6715}, "population": {"type": "population", "subtype": "human", "name": "None", "amount": 598}}, {"x": 7, "y": 7, "visited": 0, "terrain": {"type": "terrain", "subtype": "field", "name": "None"}, "structure": {"type": "structure", "subtype": "village", "name": "None", "population": 2118}, "population": {"type": "population", "subtype": "human", "name": "None", "amount": 162}}, {"x": 7, "y": 8, "visited": 0, "terrain": {"type": "terrain", "subtype": "field", "name": "None"}, "structure": {"type": "structure", "subtype": "village", "name": "None", "population": 9427}, "population": {"type": "population", "subtype": "human", "name": "None", "amount": 304}}, {"x": 7, "y": 9, "visited": 1, "terrain": {"type": "terrain", "subtype": "field", "name": "None"}, "structure": {"type": "structure", "subtype": "none", "name": "None"}, "population": {"type": "population", "subtype": "none", "name": "None", "amount": 0}}, {"x": 8, "y": 0, "visited": 1, "terrain": {"type": "terrain", "subtype": "field", "name": "None"}, "structure": {"type": "structure", "subtype": "none", "name": "None"}, "population": {"type": "population", "subtype": "none", "name": "None", "amount": 0}}, {"x": 8, "y": 1, "visited": 0, "terrain": {"type": "terrain", "subtype": "field", "name": "None"}, "structure": {"type": "structure", "subtype": "none", "name": "None"}, "population": {"type": "population", "subtype": "none", "name": "None", "amount": 0}}, {"x": 8, "y": 2, "visited": 0, "terrain": {"type": "terrain", "subtype": "field", "name": "None"}, "structure": {"type": "structure", "subtype": "village", "name": "None", "population": 4091}, "population": {"type": "population", "subtype": "human", "name": "None", "amount": 810}}, {"x": 8, "y": 3, "visited": 0, "terrain": {"type": "terrain", "subtype": "field", "name": "None"}, "structure": {"type": "structure", "subtype": "village", "name": "None", "population": 6953}, "population": {"type": "population", "subtype": "human", "name": "None", "amount": 159}}, {"x": 8, "y": 4, "visited": 0, "terrain": {"type": "terrain", "subtype": "field", "name": "None"}, "structure": {"type": "structure", "subtype": "village", "name": "None", "population": 4910}, "population": {"type": "population", "subtype": "human", "name": "None", "amount": 546}}, {"x": 8, "y": 5, "visited": 1, "terrain": {"type": "terrain", "subtype": "field", "name": "None"}, "structure": {"type": "structure", "subtype": "village", "name": "None", "population": 1412}, "population": {"type": "population", "subtype": "human", "name": "None", "amount": 349}}, {"x": 8, "y": 6, "visited": 2, "terrain": {"type": "terrain", "subtype": "field", "name": "None"}, "structure": {"type": "structure", "subtype": "village", "name": "None", "population": 3377}, "population": {"type": "population", "subtype": "human", "name": "None", "amount": 958}}, {"x": 8, "y": 7, "visited": 2, "terrain": {"type": "terrain", "subtype": "field", "name": "None"}, "structure": {"type": "structure", "subtype": "village", "name": "None", "population": 6643}, "population": {"type": "population", "subtype": "human", "name": "None", "amount": 484}}, {"x": 8, "y": 8, "visited": 1, "terrain": {"type": "terrain", "subtype": "field", "name": "None"}, "structure": {"type": "structure", "subtype": "village", "name": "None", "population": 2457}, "population": {"type": "population", "subtype": "human", "name": "None", "amount": 681}}, {"x": 8, "y": 9, "visited": 1, "terrain": {"type": "terrain", "subtype": "field", "name": "None"}, "structure": {"type": "structure", "subtype": "none", "name": "None"}, "population": {"type": "population", "subtype": "none", "name": "None", "amount": 0}}, {"x": 9, "y": 1, "visited": 1, "terrain": {"type": "terrain", "subtype": "field", "name": "None"}, "structure": {"type": "structure", "subtype": "village", "name": "None", "population": 6896}, "population": {"type": "population", "subtype": "human", "name": "None", "amount": 497}}, {"x": 9, "y": 2, "visited": 1, "terrain": {"type": "terrain", "subtype": "field", "name": "None"}, "structure": {"type": "structure", "subtype": "village", "name": "None", "population": 2981}, "population": {"type": "population", "subtype": "human", "name": "None", "amount": 419}}, {"x": 9, "y": 3, "visited": 2, "terrain": {"type": "terrain", "subtype": "field", "name": "None"}, "structure": {"type": "structure", "subtype": "village", "name": "None", "population": 6126}, "population": {"type": "population", "subtype": "human", "name": "None", "amount": 971}}, {"x": 9, "y": 4, "visited": 2, "terrain": {"type": "terrain", "subtype": "field", "name": "None"}, "structure": {"type": "structure", "subtype": "village", "name": "None", "population": 6033}, "population": {"type": "population", "subtype": "human", "name": "None", "amount": 584}}, {"x": 9, "y": 5, "visited": 1, "terrain": {"type": "terrain", "subtype": "field", "name": "None"}, "structure": {"type": "structure", "subtype": "village", "name": "None", "population": 9427}, "population": {"type": "population", "subtype": "human", "name": "None", "amount": 253}}, {"x": 9, "y": 6, "visited": 1, "terrain": {"type": "terrain", "subtype": "field", "name": "None"}, "structure": {"type": "structure", "subtype": "village", "name": "None", "population": 2186}, "population": {"type": "population", "subtype": "human", "name": "None", "amount": 705}}, {"x": 9, "y": 7, "visited": 2, "terrain": {"type": "terrain", "subtype": "field", "name": "None"}, "structure": {"type": "structure", "subtype": "village", "name": "None", "population": 5481}, "population": {"type": "population", "subtype": "human", "name": "None", "amount": 15}}, {"x": 9, "y": 8, "visited": 3, "terrain": {"type": "terrain", "subtype": "field", "name": "None"}, "structure": {"type": "structure", "subtype": "village", "name": "None", "population": 4981}, "population": {"type": "population", "subtype": "human", "name": "None", "amount": 148}}, {"x": 9, "y": 9, "visited": 5, "terrain": {"type": "terrain", "subtype": "field", "name": "None"}, "structure": {"type": "structure", "subtype": "none", "name": "None"}, "population": {"type": "population", "subtype": "none", "name": "None", "amount": 0}}]}
